committee_id,consulting
C00657635,189473.12
C00652792,131882.46
C00096412,58043.15
C00669689,2000
C00656686,128301.31999999999
C00648014,96921.11
C00653675,858216.4
C00648741,11552
C00637660,25000
C00498873,658050.94
C00558486,577987.41
C00464032,416744.61
C00664730,2240
C00639054,247420.8
C00313510,198493.03
C00412890,102258
C00640961,319767.64
C00648956,48767.06
C00657981,183834.81
C00575167,417726.55
C00395467,1200
C00462861,277594.1
C00660464,13988.49
C00637397,432319.27
C00519355,239875.43
C00226928,224433
C00661637,131904.22
C00669069,37574.51
C00444224,2500
C00557520,261767.86000000002
C00656579,52489.5
C00671206,73928.51
C00581090,68773.65
C00390476,275904
C00660472,140266.85
C00433136,83549.88
C00558320,565857.58
C00654723,362092.74
C00610212,555716.05
C00657676,248661.04
C00684324,1933.31
C00666362,6000
C00676726,9459
C00665331,194542.97
C00393629,587050.91
C00580415,932509.63
C00305052,349092.25
C00494096,1500
C00662528,45425
C00670547,389313.68
C00649194,144276.52
C00546358,105815.21
C00639773,100497.4
C00494583,183592.53
C00494856,153923
C00667808,2000
C00460261,199624.51
C00494930,267592.93
C00664540,0
C00673533,159404.93
C00668228,183356.1
C00672436,2550
C00649350,494425.28
C00512426,311215.34
C00667964,110525.55
C00666404,6374
C00582890,255517.41
C00495846,118623
C00648816,344816.47000000003
C00495952,414976.99
C00661629,54135.9
C00481911,120411.21
C00590489,198603.17
C00664417,192544.85
C00469163,350390.47
C00665802,31279.93
C00668285,4377.67
C00610451,105787.43
C00652594,214720.27
C00666396,306942.17
C00582304,498339.17
C00496760,269963.17
C00581074,543258.45
C00648519,35104
C00497115,900116.45
C00497321,210732.6
C00497396,183357.83
C00497818,272500.58
C00647081,388173.17
C00671347,26000
C00497933,304575.51
C00498345,134345.61
C00498667,309653.75
C00498121,462543.9
C00512202,179281.46
C00557652,161718.37
C00653634,829884.15
C00420935,939252.4
C00473272,353386.39
C00655191,79930.22
C00499236,778464.84
C00499392,472242.15
C00499467,329702.23
C00499053,92501.57
C00652446,8500
C00665513,196352.29
C00629287,713743.0599999999
C00494203,125520.26
C00546846,1028783.81
C00500207,354035.29
C00500421,181681.11
C00657445,90549.63
C00502179,307583.24
C00502294,540492.18
C00665638,282246.32
C00501643,459458.83
C00501924,5400
C00502039,262830.87
C00503094,132718.53
C00503110,135285.71
C00503185,41250
C00504019,209646.2
C00504522,949194.26
C00502575,1303803.85
C00502773,212654.97
C00503052,308861.45
C00665836,63469.3
C00639690,132516.41
C00505776,667562.15
C00506048,188115.65
C00506832,411238.52
C00506931,304368.5
C00646745,347699.16
C00649038,69092.75
C00476523,239735.88
C00669358,231616.21
C00575282,5754.14
C00641027,11303.04
C00646489,13864.53
C00647339,315939.62
C00637728,11291.04
C00659078,150
C00653626,8387.5
C00507368,128911.05
C00637967,54033.27
C00655837,8500
C00637918,401887.87
C00640268,345342.06
C00366948,146000.43
C00554014,312152.2
C00646828,424.4
C00589234,412432.77
C00401190,30420
C00588657,239339.07
C00663914,421856.32
C00629949,168420.67
C00646570,150504.96
C00539866,329748.24
C00640839,353335.59
C00445023,628631.78
C00632141,239552.41
C00392688,758572.1900000001
C00668913,5950
C00647594,202981.13
C00637777,57000
C00634337,7500
C00410639,20000
C00649004,126536.76
C00638783,32600
C00639906,3300
C00299404,437504
C00649632,54143.05
C00639146,171469.51
C00639963,41879.75
C00468256,276442.87
C00420745,103949.46
C00614057,15865.53
C00463836,22848.85
C00655340,22500
C00615294,234289.81
C00595694,50854.75
C00654350,40630.24
C00548941,76607.03
C00658575,999.98
C00647677,245553.86
C00554709,170857.28
C00653360,4517.5
C00433524,550989.4
C00410233,86250
C00636951,102044.32
C00551374,272495.79
C00649533,54951.43
C00636571,620057.77
C00659839,73731.2
C00509422,174596.49
C00656363,4500
C00311639,439742.81
C00602854,563.75
C00649657,38193.85
C00653162,67515.35
C00397737,82820.21
C00614305,28258.010000000002
C00629618,37
C00588871,37934.88
C00638775,39174.86
C00611780,1479
C00630749,8820
C00646521,4599
C00662494,28114.75
C00572602,69692
C00545616,537626.45
C00548131,78119.08
C00422980,56000
C00655035,12750
C00597005,8067.5
C00658260,1048.89
C00662536,9800
C00641548,13029.98
C00330894,540904.86
C00590182,2083.45
C00639559,279429
C00554113,286549.36
C00650077,164157.6
C00554972,14389.189999999999
C00379974,2400
C00649749,31461.27
C00605659,9000
C00554261,679580.32
C00622829,10580
C00648162,4815
C00652362,9650
C00657791,12032.56
C00527457,285675.61
C00638023,95943.94
C00650408,184366.88
C00662932,12625
C00012229,64610.3
C00639799,52323.13
C00652586,46847
C00250720,70751.5
C00468413,74190.06999999999
C00659748,550
C00641605,50307.46
C00651356,2338.71
C00655803,3000
C00656397,8578.5
C00656447,24835.11
C00240986,111223.81
C00359034,62340
C00635847,925
C00651299,3200
C00637058,23481.02
C00304709,203493.67
C00269837,67794.09
C00615302,9500
C00258475,447435
C00257956,297939.23
C00658419,69641.97
C00652073,344139.75
C00655068,17216.27
C00374231,101980.49
C00345546,400944.75
C00651224,97450.03
C00477240,102918.3
C00649665,2000
C00647016,53093.9
C00350520,255542.08
C00435974,239314.87
C00461061,307923.79
C00664953,54352.83
C00657098,256303.73
C00331769,113771.44
C00654442,76896.8
C00633362,1109073.3
C00661173,135527.7
C00479063,340271.33
C00657650,232703.21
C00514265,16240.9
C00660381,475986.1
C00653196,3398518.98
C00656769,81075
C00656736,45694.4
C00472159,231616.42
C00558437,224381.45
C00545749,817478.27
C00259143,51279.54
C00656744,96795.88
C00457556,414377.75
C00641191,806420.22
C00650911,257519.55
C00652065,144681.05
C00649087,320505.86
C00311043,693509.62
C00658385,746193.38
C00636670,258742.48
C00632257,981288.22
C00637876,30561.49
C00514893,403621.44
C00650804,72546.02
C00659318,124387.07
C00637868,402309.76
C00655332,194943.33
C00662213,181385.46
C00637272,256562.18
C00476564,330774.6
C00652297,4980038.93
C00648253,176066.82
C00200584,460597.9
C00541888,309900
C00364935,266863.67
C00654400,675113.98
C00414318,152000
C00636696,91031.11
C00472704,360982.23
C00509729,129157.01
C00468579,916000.31
C00640714,463568.26
C00434191,332498.54
C00467571,427972.39
C00368522,504596.16
C00638650,261383.81
C00545467,817154.03
C00652628,183992.79
C00650515,236879.15
C00650234,214853.37
C00639286,162553.05
C00661579,13175.869999999999
C00636720,2650
C00652404,7000
C00660118,369896.52
C00663815,1000
C00649129,40675
C00640953,38185.83
C00660522,89228.37
C00663161,305457.09
C00633867,968935.57
C00660274,142262.13
C00646471,120725.44
C00671370,12102.98
C00673988,400
C00646901,312678.38
C00546499,386291.94
C00659920,59208.5
C00371203,486268.73
C00343236,569425.16
C00658336,138045.84
C00464339,426058.65
C00647693,30500
C00654509,313124.41
C00547240,607162.8
C00647669,74478.64
C00661223,134024.4
C00437913,752193.07
C00652388,83951.72
C00651851,251976.26
C00664581,4500
C00509968,215611.46
C00651331,417545.73
C00649491,87642.36
C00640763,223240
C00553859,301504.39
C00661595,59675.5
C00663435,10000
C00655480,15491.82
C00546853,263042.19
C00661355,13467.21
C00651307,32000
C00663104,34500
C00634873,42482.99
C00650473,32248.68
C00632943,59548
C00648998,31198
C00578567,139227.06
C00662767,443215.58
C00659565,26690
C00650507,500377.95
C00662643,11515.63
C00663005,47326.28
C00658724,49611.05
C00657411,704049.72
C00575209,243857.39
C00545673,278388.32
C00629659,330514.27
C00649186,52210.5
C00607556,381993.23
C00640045,196632.45
C00650176,350724.58
C00473132,330518.69
C00303305,879144.31
C00650671,17180
C00653923,87855.45
C00653840,86500
C00650879,60100.08
C00639526,20500
C00215905,238048
C00651315,38622.75
C00649582,3900
C00653659,50527.67
C00655811,6216.42
C00650150,36365.49
C00670463,1500
C00639872,39951.26
C00660753,27209
C00667949,11820.25
C00661900,44180
C00607416,505777.58
C00654921,79179
C00548180,372767
C00652396,136539.34
C00664821,75903.03
C00650457,947913.15
C00662338,39908.15
C00638536,2713.7200000000003
C00213611,187878.64
C00656603,81811.88
C00661686,5000
C00632828,605200.32
C00657437,95463.95
C00657155,60083.98
C00641431,20122.17
C00655134,62164
C00551275,456756.62
C00509299,2500
C00572560,136044.8
C00347492,267269.14
C00271312,385952.29
C00650523,101745.44
C00665711,111765.62
C00636845,108964.16
C00654855,46266
C00675157,31095.99
C00673848,16525
C00424713,142701.53
C00649376,245214.9
C00599464,320778.15
C00666529,22300.809999999998
C00648170,9838.16
C00665828,13500
C00475145,270665.59
C00543967,327163.11
C00652917,39354.6
C00661777,106663.74
C00665349,3000
C00372102,15100
C00670844,76359.74
C00649640,16895.41
C00658922,101360.1
C00510164,201740.94
C00637223,49327.31
C00386847,74032.55
C00409219,324124.85
C00653428,1350
C00665042,18700
C00664060,15500
C00667931,9004.25
C00521948,971713.76
C00658328,83601.72
C00418293,151295.49
C00668756,21876.55
C00437756,2081.4
C00657304,112621.38
C00663542,35050
C00554899,196775
C00630426,4716696.22
C00653592,44150
C00662825,23297.9
C00651372,32739
C00663245,5800
C00649897,726932.35
C00668798,91716.4
C00672824,500
C00665760,940
C00558627,228573.82
C00657122,81000
C00637827,115256.68
C00650481,145530.22
C00412759,327355.5
C00637496,179486.2
C00676841,54121.8
C00652693,198601.99
C00543892,275380.2
C00675876,51155.05
C00634048,14064.56
C00671446,14521.56
C00676668,82250
C00651026,204577.71
C00651471,255065.48
C00675678,38812.23
C00638510,312322.73
C00658708,104952.34999999999
C00673681,125579.98
C00659540,8157.93
C00639807,124538.8
C00677617,6574.3
C00646455,24761.05
C00637546,80146.04
C00544445,459700.3
C00648527,22576.48
C00612432,226811.27
C00650648,1185558.7
C00667519,261225.97
C00410761,56000
C00462556,603115.36
C00666735,20483.34
C00590778,251507.82
C00386755,24027.399999999998
C00640870,9163.21
C00459461,242086.04
C00667832,17349.88
C00673467,7450
C00581330,17530.65
C00541359,250
C00475103,11525
C00667840,8576
C00482737,208273.24
C00630772,23145.94
C00651646,128406.66
C00660050,127673.85
C00654004,55202.76
C00639427,205247.92
C00602672,3412.5
C00576173,222981.28
C00672956,153424.03
C00678326,44846.22
C00639013,38365.35
C00660837,542762.91
C00633057,143305.26
C00671362,8500
C00665356,1000
C00663310,31089.9
C00664508,2735.98
C00673384,11275.130000000001
C00401315,4000
C00574640,206086.22
C00670489,27543.35
C00666339,525
C00670034,90212.19
C00678904,6100
C00650812,98167.29
C00670935,29500
C00617761,16854.05
C00655647,346787.99
C00582296,234733.27
C00678557,750
C00658492,146529.33
C00637231,811.63
C00668194,51262.5
C00649400,176812.96
C00648196,6720
C00660555,374797.66
C00671891,105045
C00372532,567670.04
C00634683,47881.66
C00308742,105733.85
C00618223,150609.74
C00326363,87086.05
C00649210,12700
C00607838,502371.76
C00670505,34950
C00659201,1050
C00676528,71807.76
C00510958,90562.75
C00674325,99657.72
C00652743,506131.13
C00654160,17740.73
C00672162,1000
C00666966,406770.68
C00638403,23301
C00639641,177430.94
C00511568,124386
C00652149,202877.59
C00659623,174306.42
C00614826,159131.07
C00512236,595776.58
C00255562,223318
C00592659,78333.96
C00668269,22786.33
C00673632,6000
C00197160,188634.02
C00444471,104382.31
C00472878,241529.33
C00680439,11173.439999999999
C00196915,1750
C00607937,1498.75
C00662866,51721.34
C00460550,226963.25
C00666941,5500
C00462523,103082
C00647222,40567.9
C00660134,31832.78
C00650994,49261.49
C00667253,106520.87
C00655233,124143.35
C00577353,260812.09
C00637389,49304.2
C00655910,273865.11
C00661892,53070
C00467522,802828.22
C00663070,74216.83
C00559393,401259.99
C00370650,242034.81
C00672345,52910.01
C00528182,122245.43
C00655860,93112.8
C00630384,61292.28
C00663864,372
C00662668,76018.72
C00550707,286735.58
C00669671,5301
C00561597,320551.98
C00669879,214865.16
C00667329,48951.64
C00658807,109847.07
C00664516,30086.48
C00678292,733.33
C00648907,181138.04
C00641415,106039.43
C00592048,40053.19
C00660795,571825.81
C00397505,189783.83
C00630798,625.87
C00667600,1000
C00631945,455336.83
C00649806,15500
C00415182,50439.74
C00656058,23000
C00649913,74210.84
C00477323,145440.9
C00441295,155334.93
C00666354,1050
C00668129,11710.9
C00673327,3724.99
C00658286,37411.18
C00510461,937766.4
C00662551,35246.02
C00662684,33441.09
C00653576,229953.26
C00638205,12008.3
C00650242,100679.37
C00662650,224676.94
C00573378,357941.82
C00657106,17400
C00657056,61484.979999999996
C00641498,761245.94
C00676627,16000
C00649418,155028.8
C00678516,22757.55
C00666453,159410.25
C00512970,585085
C00662940,90499.19
C00665497,20875
C00641126,43880
C00442921,115250
C00649707,41983.95
C00639575,25638.68
C00666420,30114.47
C00650028,117652.52
C00649954,2600
C00664979,52581.3
C00365593,7875
C00438697,424955.75
C00398644,152931.32
C00670703,13573
C00655613,103464.62
C00675900,527.1800000000001
C00634139,6360
C00603001,24067.35
C00635722,115000
C00660977,15314.68
C00543363,43129.84
C00657601,7000
C00660217,55527.5
C00410829,1205.5
C00614214,256981.07
C00641365,3000
C00670737,62137.090000000004
C00680256,5000
C00660183,16500
C00662577,161477.02
C00667758,158389.25
C00459099,402486.04
C00668137,105421.87
C00476291,329360.2
C00664565,39314.6
C00658633,83545.69
C00652800,347723.75
C00370056,225018.37
C00466516,121600
C00641001,128939.14
C00658583,247095.23
C00655043,82195.71
C00651521,41243.67
C00631002,42644
C00652636,98051.85
C00673343,202544.92
C00390724,236223.29
C00459297,628659.54
C00575092,267819.33
C00646612,92220.38
C00650531,50096.96
C00671412,16905.02
C00660449,14375
C00677666,42240.61
C00632067,202523.62
C00668939,4000
C00410969,680536.77
C00405431,70740.22
C00257121,69919.08
C00327023,84000
C00677898,154367.61
C00518654,558371.68
C00667436,66633.12
C00664763,3015
C00632059,26415.71
C00641381,187456.61
C00659177,104752.12
C00575050,412041.39
C00666164,49199.96
C00655571,159960.31
C00677096,51094.57
C00654574,245271.52000000002
C00458679,314775.14
C00580316,100222.7
C00667386,5450
C00641035,7500
C00560847,20500
C00666461,214819.63
C00675108,189674.65
C00472365,964671.72
C00675215,230235.61
C00665109,51612.5
C00662874,30621.83
C00655548,187860.62
C00547893,910244.7
C00301838,222466.16999999998
C00450049,182050
C00647131,538623.97
C00613497,103826.91
C00464602,223715.54
C00666743,131817.94
C00670679,154012.65
C00662619,33045.72
C00290064,92008.07
C00556365,431293.91
C00649061,47270
C00665216,9680.51
C00638767,59051.59
C00443689,458975.23
C00638254,33466.07
C00460063,223823.13
C00577999,193226.79
C00590463,185932.96
C00653121,112890.93
C00652958,104960.28
C00660431,37485.96
C00630434,12635.75
C00166504,198798.64
C00572859,137268.54
C00650440,96410.26
C00557181,196005.66
C00659292,20000
C00671875,15695.03
C00541862,624410.54
C00662981,34963.47
C00631572,324605.18
C00513077,859836.85
C00513531,84494.81
C00514513,280301.1
C00649327,103067
C00520379,339404.53
C00502229,60282.11
C00639419,13300
C00516666,304279.73
C00371302,225712.87
C00661769,29277
C00636860,12323.52
C00664151,318482.27
C00665034,25069.54
C00652719,311155.07
C00663591,91251
C00687988,1000
C00238865,86639.64
C00116632,263412.69
C00649079,189851.71
C00408534,94901.52
C00649798,87298.57
C00649483,61090.29
C00588764,110477.96
C00617662,202323.44
C00608695,210068.71
C00667741,364989.49
C00289603,230889.5
C00583781,1000
C00444968,73570.67
C00648006,355872.94
C00664797,28950
C00394957,6468969.39
C00573949,229166.72
C00687749,33074.380000000005
C00673319,16956.88
C00657171,64656.56
C00540617,569430.79
C00684225,12500
C00675025,28877.41
C00673905,15270.01
C00673749,500
C00660530,169088.41
C00661561,204724.78
C00664599,51210.14
C00659615,2000
C00646752,253092.95
C00312017,185331.28
C00633982,4854384.51
C00639740,95840.91
C00657387,40104.81
C00634923,57354.92
C00639005,44000
C00634709,1141762.71
C00592345,39718.4
C00543231,87618.31
C00083428,76000
C00608703,507305.31
C00202416,754191.42
C00658021,8688
C00663203,43659.11
C00651042,433401.94
C00655795,71781.05
C00650705,32500
C00639096,25763.87
C00462143,324481.79
C00660852,15184
C00658070,48125
C00650358,62980.39
C00656918,6000
C00647727,44135.7
C00652172,75617.07
C00637587,35681
C00635854,6308
C00555813,667781.34
C00652107,473167.55
C00435370,40000
C00607200,525279.58
C00571869,805328.07
C00651497,89814.08
C00655621,393.98
C00272153,4158.07
C00602722,687290.55
C00660803,21923.08
C00657395,6600
C00472241,345013.26
C00374058,81095.52
C00649285,11430
C00608828,1825
C00659433,9837.79
C00638478,169775.17
C00656066,32820
C00658310,42423.23
C00654848,5633
C00653204,562163.22
C00649947,105319.41
C00637991,38141.52
C00650572,20208
C00650655,158281.97
C00661009,5279.3
C00661066,4822.58
C00658179,1750
C00373464,400370.61
C00658500,17700
C00658393,22196.37
C00652214,31280
C00639583,7962.22
C00650838,13500
C00653410,198925.98
C00637090,106081.64
C00648683,36076.06
C00656215,93566
C00648915,107668.69
C00287912,203023.17
C00650887,26800
C00658567,2785638.29
C00652271,69635.4
C00633610,588928.52
C00655555,2975
C00591065,67940.04
C00646646,116897.65
C00476820,513041.77
C00446906,94350
C00654194,3400
C00441352,292235.03
C00636555,25426.28
C00657486,28582.3
C00454694,84000
C00635995,10500
C00647461,500
C00631416,9662.95
C00636092,96922.81
C00656892,546.79
C00639567,150
C00639252,129734.32
C00655514,1125
C00649988,65062.95
C00635888,284014.07
C00649863,59215.76
C00653089,26008.59
C00613539,16999.61
C00592154,237136.82
C00649459,81381.03
C00656223,30873.33
C00446815,52445.66
C00638619,908.4
C00639971,23629.94
C00636969,51859.61
C00369801,78250
C00658146,1615.89
C00650259,140085.13
C00653048,35980.94
C00647958,6500
C00638940,17732.92
C00664292,5475.48
C00655381,15000
C00635870,35126.98
C00464073,21332.31
C00661165,451831.9
C00636399,16646
C00654178,50139.58
C00638825,12592.5
C00286187,176500
C00657726,6821.05
C00435099,171664.83
C00629881,5300
C00658641,71250
C00655175,23843.65
C00648949,66606.5
C00647164,1470790.2
C00663302,7800
C00650283,24425
C00661132,485
C00652776,68905.85
C00573980,158954.38999999998
C00657890,13600
C00647115,154011.49
C00386748,458948.21
C00649228,56390.99
C00650689,1000964.12
C00659284,2514.5
C00662460,10000
C00653550,1994
C00655225,76043.06
C00652495,109447.25
C00612796,385.25
C00614776,82614.15
C00656785,10829.21
C00640896,12907.97
C00647024,276400.69
C00647925,389976.9
C00597724,679601.24
C00650499,11246
C00392670,117190.83
C00654749,89836.79
C00639211,81282.96
C00658187,32861
C00661835,23783.74
C00195065,13000
C00640151,14034.38
C00638726,187776.09
C00413179,96226
C00343871,818756.74
C00638346,3125
C00649020,44035.31
C00653584,12592.67
C00471896,1494.77
C00302422,6200
C00578732,1926.55
C00463620,92.04
C00579102,406.52
C00477984,3500
C00543843,51701.26
C00458976,88500
C00652354,22507.64
C00650895,17459.68
C00670059,5250.2
C00224691,308107.93
C00649178,101853.43000000001
C00254185,53850
C00651281,16790.25
C00656983,1700
C00636324,170825.46
C00654830,33855.91
C00422410,418892.14
C00310532,605164.76
C00649558,718575.55
C00652925,2400
C00602920,25487.5
C00213512,1187137.65
C00659276,1500
C00543926,145937.76
C00647321,400
C00658351,172564.03
C00460980,490.6
C00637363,33086.09
C00610964,239788.22
C00647537,598351.55
C00653832,940
C00649368,14000
C00657627,1300
C00673350,63015.74
C00650697,166462.43
C00499947,118691.4
C00648220,200665.25
C00637371,126202.28
C00637892,50809.7
C00662775,21593.67
C00636738,37961.48
C00661181,2500
C00662973,29811.11
C00558213,256904.7
C00633370,2000
C00648493,408186
C00140715,257580
C00655118,2582.71
C00657510,3000
C00634188,3200
C00561530,86511.64
C00658104,2700
C00670570,14247.9
C00651158,37265.48
C00671511,42890.68
C00657320,82957.3
C00554949,633280.19
C00671107,5694.77
C00655274,59796.84
C00652784,22500
C00639898,81467.72
C00656371,485935.56
C00658435,17700
C00555888,168388.99
C00669481,56202.17
C00558510,11193.08
C00561183,69385.29
C00563940,319030.9
C00637074,78046.67
C00638353,386.17
C00474189,328800
C00658997,16075.37
C00575126,95509.25
C00652735,31920.12
C00576041,712496.44
C00629691,42654.46
C00656165,11182.51
C00649905,600
C00586065,86400
C00662130,134485.9
C00629675,24100
C00615260,6364.58
C00401034,191548.62
C00654434,35783.95
C00649756,12143.05
C00628917,321391.17
C00654780,82122.92
C00665471,769813.22
C00650929,78700.32
C00649731,52700
C00607432,30242
C00668061,10983.84
C00647214,1250
C00669176,13907.55
C00675611,80.28
C00652651,113408.74
C00658625,32155.739999999998
C00649848,86029.62
C00670604,74490.43
C00649673,17869.920000000002
C00685735,3590
C00676189,5030.95
C00668483,250
C00244335,229114.81
C00600718,182622.48
C00677112,5500
C00658740,9466
C00674911,6000
C00665885,32389.59
C00582015,4000
C00671537,56781.2
C00653733,38485
C00672113,1566.08
C00684167,1603.78
C00675637,17010
C00410753,85000
C00257337,176168.06
C00680553,57578.33
C00384057,291150
C00657825,54750
C00458877,435827.78
C00677377,14410.23
C00477745,207789.97
C00663849,95592.93
C00333740,80000
C00654079,321795.02
C00668491,331000.28
C00668806,60573.21
C00677583,37845.95
C00334706,51762.67
C00667006,55448.51
C00200865,444846.31
C00330142,31660.9
C00683516,10000
C00460899,500
C00678524,250
C00666859,74039.16
C00639450,40517.34
C00659714,94197.83
C00367862,200920.15
C00671156,110755.25
C00462374,336189.39
C00608430,3000
C00659912,3300
C00683706,2250
C00634253,881750.22
C00602888,94508.55
C00556506,47527
C00443705,34500
C00664011,16478.29
C00664185,2700
C00681510,350
C00672212,18008.3
C00634220,9000
C00575506,2890.09
C00636621,66633.16
C00650036,458170.58999999997
C00651752,125616.49
C00661678,910.83
C00677880,3500
C00680785,8630.5
C00683268,74351.73999999999
C00154625,8825
C00653451,47449.92
C00473736,50344.03
C00629360,4800
C00570457,28289.08
C00650424,3500
C00657239,21019.95
C00636761,67512.49
C00550301,500
C00660761,4036
C00637884,24663.21
C00580647,941.5300000000002
C00630517,55480.44
C00664607,30762.989999999998
C00172619,57609.35
C00629865,3200
C00632414,10000
C00600981,720
C00630061,12500
C00607101,72532.92
C00605592,185979.62
C00653220,418760.88
C00657833,148766.1
C00659516,3786.96
C00671404,28238.8
C00384735,249.33
C00385773,374756
C00654111,82112.9
C00266940,22056.920000000002
C00670992,45306.51
C00637785,55565.56
C00660993,12500
C00636563,86814
C00672295,449418.5
C00675959,269
C00336388,707110.32
C00666131,23669.5
C00662270,2500
C00670950,11500
C00667527,32792.18
C00451336,84729
C00659326,39050
C00637678,27846.44
C00683888,500
C00664813,2515.16
C00631895,25660
C00607531,27400
C00658195,42000
C00667170,500
C00607879,1500
C00654954,1000
C00640755,5612
C00511923,200
C00669267,4748
C00665653,7750
C00639591,83559.96
C00655704,907
C00612408,41450
C00634212,335059.69
C00670976,24000
C00269340,213199.64
C00439661,712483.12
C00674416,1250
C00290825,472686.68
C00669580,12000
C00331389,5300
C00667675,20717.32
C00664615,6000
C00633859,169976.53
C00665968,2245
C00665141,4500
C00614982,335
C00273169,517066.09
C00633198,167488.61
C00664847,4475
C00629774,121632
C00638999,1393
C00376087,268315
C00632851,10750
C00657213,84526.76000000001
C00659227,21797.17
C00661413,13500
C00612697,1516.5
C00373001,108966.88
C00630954,39017.33
C00441014,410781.27
C00631200,28593.32
C00409797,42000
C00614784,700
C00555458,2500
C00666479,61121.18
C00336065,3876.5
C00219881,178545.96
C00670257,450206.94
C00664755,305
C00577080,1275
C00592956,997
C00416594,464647.67
C00545681,13141.96
C00565366,516
C00430991,324844.9
C00666255,38800
C00636498,2980
C00432906,83279.9
C00369686,2300.5
C00648725,319961.15
C00581397,14950
C00673236,3000
C00664391,961.6
C00666677,5312.55
C00658716,5000
C00665315,21967.16
C00554337,1625
C00602995,13000
C00633131,634.41
C00676502,22100
C00635227,26052.4
C00647974,10500
C00433391,139620.15
C00482307,46860.59
C00662395,63150.56
C00656108,457.45
C00670414,8750
C00553917,13300
C00658401,268030.6
C00599944,2000
C00666230,2996.05
C00392266,674.75
C00669341,6800
C00666883,16174.85
C00654624,10000
C00236513,319520.97
C00624346,15000
C00632497,10000
C00618983,95881.16
C00409409,13789.17
C00386110,9774.17
C00575233,2468.75
C00476853,27280.5
C00470948,22360.989999999998
C00633529,6925
C00632505,73977.35
C00631614,13519
C00226522,281000
C00631234,3000
C00634592,3000
C00632455,14263.42
C00470757,354704.04
C00582338,2300
C00592055,630.22
C00578260,3000
C00579896,55534.58
C00631150,4712
C00557884,1000
C00597690,4250
C00560920,250
C00607291,2194.87
C00611145,4557
C00578666,550
C00285254,77796
C00460402,12687.5
C00629790,16640
C00550608,8935
C00354688,74000
C00156612,29075.31
C00581827,4700
C00465971,5104.6900000000005
C00564948,235
C00419630,182390.24
C00608737,125
C00462697,7016.08
C00614073,350
C00620443,2117237.49
C00254573,72500
C00607002,12715.7
C00588673,268.97
C00631168,50833.43
C00476325,3500
C00633511,1147.5
C00630483,37204.28
C00330811,1613.1399999999999
C00461350,3177.35
C00256925,21702.07
C00630335,2195
C00471292,45148.46
C00433730,24001
C00495507,1500
C00631929,1000
C00445163,7000
C00632174,51200
C00585463,2614.88
C00313247,47800
C00610279,2991.81
C00575035,505.17
C00631358,1000
C00582320,7550
C00590307,3565
C00373563,1500
C00229104,9350.61
C00607325,1000
C00571562,2000
C00632232,120241.03
C00607572,4943.65
C00463687,600
C00575860,16800
C00376673,195078.98
C00631176,699.86
C00609016,2000
C00646547,73628
C00635417,1000
C00415331,332805.37
C00640920,47324.74
C00588491,5000
C00367110,25270.13
C00639609,0
C00640912,3545.5699999999997
C00634287,5136.58
C00634105,3033.26
C00493783,8661.17
C00640904,300
C00636910,6174.67
C00641209,6000
C00288159,20073.6
C00549188,1100
C00637215,22012.77
C00636597,7075
C00646448,30797.68
C00631762,15.84
C00625152,450
C00639302,10500
C00573477,3491.03
C00613760,5149.88
C00615468,704.1
C00634014,2500
C00639658,3272
C00640979,12568.68
C00637330,30010
C00634089,2465.03
C00553990,1100
C00464149,38950.5
C00440909,330822.04
C00636688,3002.47
C00647057,3500
C00640482,6000
C00641175,12256.57
C00637124,11250.14
C00636936,4602.65
C00590943,1212.8
C00615450,1000
C00633602,749
C00588715,3829.2
C00476457,788.11
C00631564,162226.36
C00648766,19595.09
C00647370,40018.47
C00344671,9000
C00379735,48820
C00338954,655670.5
C00637819,2500
C00631978,31324.95
C00640003,439378.28
C00610071,35513
C00590810,32.79
C00659342,11134.7
C00673756,500
C00649012,36362.5
C00647479,2500
C00668699,48644.93
C00668830,2560
C00647008,54172.31
C00665695,12000
C00658005,213625.74
C00650010,8750
C00671057,15930.33
C00674259,211676.73
C00672246,3390
C00665935,26324.48
C00674630,800
C00664904,21883.15
C00536680,3000
C00672899,29257.41
C00608901,2620
C00637306,13270.05
C00287904,138034.71
C00639534,7500.25
C00546549,1500
C00639849,7290.35
C00647875,34250
C00632885,3000
C00649160,6423
C00649608,63848.26
C00650770,1000
C00636381,9048.7
C00648931,24000
C00634113,12028
C00552810,8950
C00637462,9817
C00647040,2316.49
C00638593,310.87
C00648436,7500
C00650085,3750
C00650218,1000
C00658278,600
C00637470,23190
C00649871,2000
C00640680,21628.38
C00650382,9135.84
C00647917,20000
C00587782,17501.260000000002
C00634543,36457.5
C00616920,2000
C00664466,6964.2
C00636613,7600
C00599514,1000
C00637793,7750
C00648618,1200
C00639187,8850
C00639278,8750
C00639310,86601.52
C00639989,105947.78
C00666149,273637.9
C00656793,36291.49
C00671032,145701.21
C00671081,19670.72
C00650614,94932.18
C00640698,27258.06
C00660282,9980.79
C00681346,40000
C00641340,29267
C00657015,465503.15
C00671198,8675
C00647099,11600
C00668608,114530
C00638411,174847.69
C00674481,500
C00680033,4250
C00649962,7800
C00686394,5000
C00649509,5450
C00589507,8500
C00578302,6167.5
C00664524,14172
C00677286,137413.44
C00651992,21735.22
C00652248,84764.79
C00652891,18237
C00654095,183313.25
C00653816,164018.47
C00681296,19207.9
C00581868,1500
C00104752,2000
C00657619,16750
C00657874,7466.5
C00658245,3604
C00658674,59690
C00660126,66459
C00659110,9328.23
C00661389,10200
C00661116,85269.11
C00660324,5072
C00663427,9654.130000000001
C00663880,35058.86
C00664375,89136.43
C00662601,22500
C00666107,228
C00665364,27862.6
C00668574,38956
C00667097,490760.98
C00669978,2000
C00675538,7500
C00667915,46858.39
C00638601,1822.91
C00655183,204130.99
C00656751,600
C00648774,292307.47
C00655902,720
C00675363,4350
C00662809,13360.4
C00686576,2000
C00665612,20766.11
C00668319,3550
C00680876,8500
C00649277,3250
C00674507,4000
C00656090,262078.79
C00675041,4750
C00668400,53878.06
C00482984,1535.26
C00393348,15692.98
C00193342,1407.6
C00458828,875
C00640938,11098.15
C00672311,615065.96
C00674853,9100
C00671859,255390.51
C00673020,9537.15
C00672634,5060
C00667063,8500
C00665752,111510.76
C00646844,68490.16
C00665927,5644.95
C00674879,68208.87
C00654558,600
C00677062,2500
C00665059,1600
C00664367,63025.57
C00670786,39578.92
C00666073,112266.24
C00559492,600
C00670182,4405
C00666586,16297.02
C00640110,28864.02
C00665729,1500
C00667576,9750
C00648048,43528.59
C00664490,936
C00651117,5000
C00662205,14875.92
C00656389,1800
C00614115,654.96
C00682849,308
C00682351,4128.29
C00678615,3500
C00654277,112916.59
C00445452,102000
C00552547,60777.34
C00679571,1500
C00659235,59.06
C00605584,550.89
C00663450,57.03
C00672360,5000
C00253187,7200
C00657718,20000
C00672931,12000
C00671263,1029
C00673525,18812.41
C00376665,1500
C00672568,300
C00669507,1180.2
C00662403,47636.28
C00657841,178097.89
C00670562,2700
C00590067,263343.19
C00661371,1570.1
C00685438,15098.8
C00651562,4450
C00659151,500
C00663054,87077.12
C00656280,25835.75
C00688861,525
C00690495,250
C00344697,1412
C00571554,1500
C00689620,350.39
C00593525,46665.5
C00648295,95234.71
C00664342,133117.36
C00650226,15450
C00664409,140744.51
C00647313,65103.46
C00680306,5816.93
C00669143,5000
C00662171,58578.7
C00650366,272289.12
C00654525,202283.16
C00680942,3770
C00675405,500
C00651620,1500
C00670364,6000
C00310896,612.5
C00310904,538.73
C00666289,1500
C00394353,400
C00411660,70276.14
C00458893,200
C00461806,5000
C00581033,10716
C00677492,2000
C00393041,864.95
C00647610,51298.38
C00659755,507.5
C00657692,2500
C00634808,47296.2
C00498568,227930.17
C00673871,990
C00650093,65590.62
C00684514,1586.32
C00661405,64574.74
C00650622,38941.15
C00676163,2500
C00311555,450
C00680934,124598.76
C00680488,149880.8
C00581595,875
C00683466,1000
C00679837,25278.34
C00574236,2500
C00461822,600
C00666438,5285
C00654988,14350
C00685412,330
C00661868,130276.91
C00472712,4235.77
C00638262,227
C00638973,498.53
C00640474,1000
C00649095,946.44
C00659581,950
C00659953,14722
