"","committee_id","total"
"1","C00572073",359.88
"2","C00464032",3880533.89
"3","C00494930",2674716.07
"4","C00494203",1368860.84
"5","C00494583",1134420.25
"6","C00494856",829482.24
"7","C00588871",46529.27
"8","C00495846",4512961.56
"9","C00495952",3935187
"10","C00496760",1078162.43
"11","C00497115",3815019.31
"12","C00497321",939929.87
"13","C00497396",1600813.33
"14","C00497818",1995659.9
"15","C00497933",1075043.82
"16","C00498121",1868421.94
"17","C00498345",2152382.93
"18","C00498667",1280663.7
"19","C00498212",672763.29
"20","C00498873",1749976.47
"21","C00614305",194353.09
"22","C00025379",151049.48
"23","C00499236",3022972.3
"24","C00499947",1172862.05
"25","C00499392",3604945.58
"26","C00499467",832848.23
"27","C00499053",960743.49
"28","C00500207",1995850.63
"29","C00500421",970262.88
"30","C00502179",923951.16
"31","C00502575",2895822.96
"32","C00502229",693176.99
"33","C00502294",2548505.74
"34","C00502393",92166.1
"35","C00501205",485617.96
"36","C00501254",78810.22
"37","C00501643",1393023.81
"38","C00501833",28416.34
"39","C00502039",921740.44
"40","C00503094",1422977.32
"41","C00503110",2123577.95
"42","C00503185",1907807.98
"43","C00504019",1252499.74
"44","C00504522",2249136
"45","C00502773",607461.01
"46","C00503052",1467854.12
"47","C00505776",6227353.28
"48","C00506048",1433170.8
"49","C00506832",1405946.57
"50","C00506931",1014610.62
"51","C00507368",796468.34
"52","C00550707",1778831.01
"53","C00647222",89101.39
"54","C00638346",99392.07
"55","C00638775",118348.74
"56","C00648196",52729.64
"57","C00616573",32108.12
"58","C00641126",135838.37
"59","C00649475",4253.8
"60","C00641605",922672.3
"61","C00638783",70821.98
"62","C00479063",666546.34
"63","C00579433",24566
"64","C00651299",23203.04
"65","C00632059",267839.27
"66","C00639963",133398.07
"67","C00561001",3394361.28
"68","C00258475",1479331.94
"69","C00618017",561.12
"70","C00619262",90869
"71","C00602854",2246.6
"72","C00646745",9523100.31
"73","C00648048",322045.55
"74","C00650424",32973.85
"75","C00621771",2231.9
"76","C00629618",67
"77","C00394973",1411.93
"78","C00603126",1532.78
"79","C00621920",13987.8
"80","C00589234",2984308.69
"81","C00634899",6141.56
"82","C00605659",10860.7
"83","C00634337",19629.75
"84","C00649277",226555.25
"85","C00636324",1565860.44
"86","C00629659",1552338.63
"87","C00548560",1
"88","C00509299",101476.12
"89","C00641001",278916.02
"90","C00583088",-250
"91","C00509422",1142736.99
"92","C00635086",17813.16
"93","C00511568",1970892.56
"94","C00509729",381638.11
"95","C00512202",1681130.2
"96","C00512236",4549171.36
"97","C00509968",2732399.57
"98","C00510164",1810822.99
"99","C00312017",2263859.06
"100","C00477323",904935.99
"101","C00510461",2688729.66
"102","C00437913",2146751.64
"103","C00512970",3365459.39
"104","C00631127",61473.54
"105","C00512426",4840424.18
"106","C00630434",57637.56
"107","C00513077",2035726.88
"108","C00513531",923596.62
"109","C00514513",1621319.97
"110","C00514893",1351858.8
"111","C00520379",1892574.45
"112","C00521948",4077645.61
"113","C00516666",1411068.19
"114","C00518654",4251146.01
"115","C00519355",563245.87
"116","C00636779",467313.87
"117","C00536680",740762.34
"118","C00539866",879434.75
"119","C00527457",2653611.47
"120","C00528182",357255.15
"121","C00540617",2015444.87
"122","C00660191",2683
"123","C00647016",80848.73
"124","C00541862",1511465.51
"125","C00541888",1451400.12
"126","C00637231",23442.95
"127","C00543231",809135.87
"128","C00083428",542333.7
"129","C00313510",1401146.31
"130","C00658310",216300.77
"131","C00607416",4126660.61
"132","C00646646",660246.64
"133","C00543363",973300.55
"134","C00652669",5486.94
"135","C00647594",1695477.93
"136","C00649798",3430151.23
"137","C00662668",474055.08
"138","C00582296",958195.1
"139","C00543892",661408.85
"140","C00572859",3156428.72
"141","C00649392",35757.57
"142","C00638726",1745535.02
"143","C00302422",119124.37
"144","C00326629",198639.81
"145","C00550087",500
"146","C00471896",1494.77
"147","C00579102",4356.52
"148","C00442053",10182.21
"149","C00619494",5490
"150","C00578732",1926.55
"151","C00608299",19487.02
"152","C00463620",7829.93
"153","C00588699",2938.34
"154","C00591875",12607.64
"155","C00477984",3500
"156","C00543843",408527.95
"157","C00661066",55328.18
"158","C00344697",884056.1
"159","C00649913",7671460.75
"160","C00636183",3820.15
"161","C00286187",1676281.29
"162","C00543967",1483092.7
"163","C00545467",5330743.4
"164","C00544445",659540.98
"165","C00457556",1242740.7
"166","C00546846",5317829.42
"167","C00545673",961312.71
"168","C00558486",2132145.91
"169","C00631572",1523227.75
"170","C00546499",2965027.29
"171","C00546358",517742.87
"172","C00547240",3737058.25
"173","C00546853",6117614.5
"174","C00096412",1653404.94
"175","C00557520",4960624.32
"176","C00547885",6000
"177","C00547893",3000778.86
"178","C00548180",1421634.29
"179","C00551275",3724588.46
"180","C00550871",91295.71
"181","C00629675",287133.8
"182","C00551374",1511405.64
"183","C00552547",4703154.55
"184","C00552588",575132.06
"185","C00552604",3663.15
"186","C00554261",6898680.54
"187","C00552786",3785.28
"188","C00553859",1121169.91
"189","C00554113",834552.6
"190","C00558213",1356287.19
"191","C00554709",487559.36
"192","C00554899",1381054.94
"193","C00554949",3498879.51
"194","C00555813",1751655.15
"195","C00555888",1985428
"196","C00556365",3172475.61
"197","C00556506",1230725.31
"198","C00556944",76884.92
"199","C00557181",664908.27
"200","C00557652",780708.04
"201","C00558510",1017042.11
"202","C00558627",939343.22
"203","C00559393",1101350.26
"204","C00558320",1560522.58
"205","C00561183",195554.45
"206","C00561530",1218069.36
"207","C00561597",1927584.87
"208","C00473736",634666.19
"209","C00630517",240122.16
"210","C00629691",534341.39
"211","C00571869",3099635.78
"212","C00630244",57877.75
"213","C00573980",1006311.81
"214","C00573378",674430.85
"215","C00116632",1113718.86
"216","C00573949",3041452.62
"217","C00575050",1319682.93
"218","C00575092",2234614.31
"219","C00575126",861843.26
"220","C00575167",2697022.22
"221","C00575506",82795.55
"222","C00576041",2258982.44
"223","C00390476",6079908
"224","C00576173",897619.3
"225","C00410233",1166965.27
"226","C00577353",978770.05
"227","C00591289",56130.44
"228","C00577999",1273445.93
"229","C00629360",41254.09
"230","C00633024",122414.12
"231","C00578302",672662.79
"232","C00630061",283096.4
"233","C00194803",157776.8
"234","C00600700",20369.56
"235","C00632067",1759274.56
"236","C00445023",1759700.65
"237","C00629865",252920.27
"238","C00551572",5923.99
"239","C00570457",67634.87
"240","C00639740",427552.42
"241","C00578567",609349.01
"242","C00579896",137826.56
"243","C00462697",964856.73
"244","C00576710",18532.03
"245","C00637660",144444.36
"246","C00607945",1097.64
"247","C00495630",394628.83
"248","C00656793",305749.34
"249","C00140715",4883015.14
"250","C00607432",1218936.95
"251","C00581058",90472.19
"252","C00638353",89303.89
"253","C00632828",3273383.97
"254","C00477745",1380713.43
"255","C00405431",2520247.39
"256","C00634253",5658712.48
"257","C00154625",749783.64
"258","C00153684",156570.58
"259","C00330142",1899287.82
"260","C00547281",6547.26
"261","C00156612",258314.76
"262","C00632414",29702.8
"263","C00573592",29130.92
"264","C00630913",18464.99
"265","C00584946",424.21
"266","C00621888",144.43
"267","C00580415",4051407.84
"268","C00580647",26378.51
"269","C00166504",1122295.28
"270","C00581090",707045.72
"271","C00581074",1526009.85
"272","C00600981",3529.71
"273","C00167585",1519352.74
"274","C00581330",767819.67
"275","C00172619",536602.85
"276","C00178418",60459.04
"277","C00609461",5434.67
"278","C00575910",3231.29
"279","C00564450",52.88
"280","C00582304",1076347.39
"281","C00582890",3167494.68
"282","C00585976",35798.39
"283","C00587634",20077.11
"284","C00588467",3216.12
"285","C00588657",1203574.36
"286","C00590489",838954
"287","C00590778",1240108.06
"288","C00591065",1507079.39
"289","C00590463",1538576.86
"290","C00592345",737877.11
"291","C00592659",583111.5
"292","C00591685",25951.09
"293","C00592048",999834.39
"294","C00592154",761111.93
"295","C00597724",1405657.53
"296","C00599464",1864570.78
"297","C00600718",658123.64
"298","C00602920",587834.24
"299","C00605592",2021417.55
"300","C00607101",541181.15
"301","C00607200",1658853.12
"302","C00303305",5821717.78
"303","C00659516",70632.24
"304","C00441295",918156.43
"305","C00631978",702857.99
"306","C00607879",48680.95
"307","C00462523",1855696.27
"308","C00461061",2080971.77
"309","C00610212",2361758.68
"310","C00393348",1207612.47
"311","C00634220",16030.82
"312","C00213611",546289.69
"313","C00266940",1213914.16
"314","C00464339",3124038.66
"315","C00634527",59881
"316","C00469163",1545121.41
"317","C00331769",2000727.58
"318","C00269340",556258.23
"319","C00459099",1555155.84
"320","C00474189",3254181.56
"321","C00307314",1917908.62
"322","C00327023",1546860.54
"323","C00397737",973140.17
"324","C00364935",1162162.93
"325","C00385773",1989340.02
"326","C00394957",13335393.47
"327","C00620443",3331214.79
"328","C00386847",675116.14
"329","C00444968",1186703.13
"330","C00257956",689403.07
"331","C00472365",5412066.28
"332","C00614776",2376012.8
"333","C00374058",719345.26
"334","C00472704",3150893.21
"335","C00224691",2942532.46
"336","C00592469",92526.64
"337","C00331397",1220052.73
"338","C00461806",573588.55
"339","C00285171",1440613
"340","C00468256",1264125.96
"341","C00257337",1835266.53
"342","C00467571",5638304.37
"343","C00580316",711537.67
"344","C00285254",669177.08
"345","C00414318",2351631.56
"346","C00376087",2625050.56
"347","C00410829",31857.78
"348","C00444620",1433599.45
"349","C00415182",791730.6
"350","C00308387",511485.82
"351","C00195065",1096921.02
"352","C00462374",1145924.54
"353","C00330894",15697440.95
"354","C00367862",1518931.54
"355","C00580621",50614.84
"356","C00333427",5639424.99
"357","C00636860",108332.05
"358","C00370650",1371894.42
"359","C00412759",4438324.84
"360","C00631002",105494.17
"361","C00438697",1812502.5
"362","C00442921",1133547.21
"363","C00373464",1934417.5
"364","C00197160",915709.55
"365","C00632232",6976011.91
"366","C00554311",262
"367","C00351379",11767.54
"368","C00475145",928028.85
"369","C00368522",2262900.12
"370","C00430991",1337463.97
"371","C00476564",2141274.48
"372","C00269837",812834.69
"373","C00392670",1463097.43
"374","C00383828",3139274.36
"375","C00632505",462937.05
"376","C00259143",662185.07
"377","C00602888",172631.46
"378","C00409797",189483.78
"379","C00451336",2001744.7
"380","C00468405",11615.53
"381","C00634709",2268805.34
"382","C00597732",4280.92
"383","C00458976",1459850.35
"384","C00219881",1391084.61
"385","C00481911",552157.27
"386","C00371302",1175906.3
"387","C00634592",642415.57
"388","C00471292",140009.32
"389","C00409409",235048.77
"390","C00350520",2227501.43
"391","C00468579",2954090.14
"392","C00336388",3046463.64
"393","C00472878",319740.95
"394","C00545749",2160344.85
"395","C00393629",4283331.05
"396","C00347492",2488275
"397","C00372532",2461686.82
"398","C00435099",1757775.06
"399","C00460063",1599518.14
"400","C00608703",4065952.94
"401","C00446906",970256.81
"402","C00441352",6035248.65
"403","C00462143",2548440.66
"404","C00476853",87048.26
"405","C00631895",851826.93
"406","C00460550",715794.21
"407","C00435974",2080014.67
"408","C00433730",133123.79
"409","C00226522",3934719.6
"410","C00633529",31725.75
"411","C00630483",833283.77
"412","C00433391",1083749.23
"413","C00409219",1204426.69
"414","C00413179",840824.04
"415","C00287045",50754.57
"416","C00433136",760384.38
"417","C00254581",254754.59
"418","C00629790",116132.09
"419","C00633511",56678.42
"420","C00213512",5700008.64
"421","C00435198",270
"422","C00633198",307417.67
"423","C00552430",25840.5
"424","C00445452",2019864.54
"425","C00273169",2678229.14
"426","C00473272",5081760.23
"427","C00229377",260198.22
"428","C00354688",954498.16
"429","C00631200",93814.1
"430","C00419978",205970.93
"431","C00366948",565990.31
"432","C00435370",373280.02
"433","C00617662",984117.79
"434","C00308742",596948.01
"435","C00657155",626564.19
"436","C00226928",1942187.35
"437","C00476325",40931.56
"438","C00651968",8266.28
"439","C00439661",6330789.2
"440","C00632497",146964.87
"441","C00575209",6021218.43
"442","C00472159",1216307.54
"443","C00458877",2505787.82
"444","C00238865",1443521.05
"445","C00200584",3762919.03
"446","C00195628",1125907.27
"447","C00607762",47747.75
"448","C00462861",3345429.04
"449","C00343871",3970809.81
"450","C00371203",2324078.98
"451","C00631168",357664.41
"452","C00608737",4093.84
"453","C00418293",488053.08
"454","C00607333",79484.27
"455","C00615302",37024.56
"456","C00215905",1542392.03
"457","C00476523",1087472.07
"458","C00386110",96988.14
"459","C00614982",989.18
"460","C00550301",21580.04
"461","C00607556",829545.73
"462","C00441014",2195531.86
"463","C00431502",80991.14
"464","C00467522",2406545.43
"465","C00612432",1413829.34
"466","C00610642",490419.8
"467","C00334706",260944.86
"468","C00631945",9931690.42
"469","C00401190",880822.58
"470","C00608695",986290.91
"471","C00629287",3751044.23
"472","C00632257",5945472.35
"473","C00420935",10143325.47
"474","C00236513",2315163.42
"475","C00631150",12987.2
"476","C00272211",3241821.74
"477","C00398644",1279345.37
"478","C00331389",28590.39
"479","C00299404",1570573.67
"480","C00384057",1775747.38
"481","C00305052",565958.71
"482","C00347476",51487.63
"483","C00545616",2912205.01
"484","C00555458",15687.49
"485","C00373001",1653908.6
"486","C00333740",904213.75
"487","C00629774",366297.15
"488","C00391029",2554167.1
"489","C00443705",1163419.9
"490","C00632455",26387.26
"491","C00386755",361435.47
"492","C00607838",1300540.63
"493","C00618223",933136.59
"494","C00420745",825649.45
"495","C00366757",115365.31
"496","C00463836",1439251.43
"497","C00461350",16033.89
"498","C00613497",349826.91
"499","C00632174",566555.73
"500","C00477240",1238470.19
"501","C00450049",1235354.68
"502","C00289603",2222409.54
"503","C00635714",3675.4
"504","C00410639",1865772.63
"505","C00416594",1922809.56
"506","C00310532",2226944.61
"507","C00482737",666734.01
"508","C00390724",2395806.78
"509","C00393512",10298.96
"510","C00468413",687732.32
"511","C00473132",1475399.59
"512","C00454694",718608.3
"513","C00608133",100624.02
"514","C00345546",1134951.26
"515","C00473538",204
"516","C00290429",30973.06
"517","C00408534",2203632.21
"518","C00610964",992993.17
"519","C00476291",766276.39
"520","C00577080",13186.74
"521","C00674416",21279.94
"522","C00240986",237616.76
"523","C00304709",1606883.49
"524","C00410761",693687.28
"525","C00254185",876031.26
"526","C00633610",2075820.21
"527","C00538637",9355.26
"528","C00631234",65336.42
"529","C00603498",1079.69
"530","C00367110",166498.89
"531","C00343236",3802258.06
"532","C00012229",1421339.38
"533","C00610451",645997.46
"534","C00571562",181005.32
"535","C00630145",17033.91
"536","C00633982",9673978.03
"537","C00571455",14626.27
"538","C00563940",1042046.62
"539","C00614826",1827055.9
"540","C00419630",1160806.92
"541","C00636738",1387417.77
"542","C00592055",2484.17
"543","C00634089",116728.09
"544","C00546077",42594.62
"545","C00401034",1002836.35
"546","C00289140",277681.56
"547","C00550608",46741.79
"548","C00615468",5612.41
"549","C00432906",364629.57
"550","C00250720",457948.52
"551","C00592261",258424.61
"552","C00359034",1892612.22
"553","C00254573",270061.82
"554","C00443580",110960.6
"555","C00476820",1889929.6
"556","C00301838",3022150.27
"557","C00591784",3595.11
"558","C00271312",915539.52
"559","C00460790",1692.14
"560","C00543249",1256930.13
"561","C00589374",5728
"562","C00580829",1130.94
"563","C00631614",88200.92
"564","C00625152",10313.23
"565","C00588483",2032.26
"566","C00464602",1428849.47
"567","C00633362",8784153.66
"568","C00472241",1568825.02
"569","C00238444",258061.98
"570","C00510487",1770.43
"571","C00602672",5555.86
"572","C00630988",9969.94
"573","C00541227",42384.04
"574","C00290064",947414.9
"575","C00580951",390
"576","C00465971",53522.08
"577","C00470948",128458.47
"578","C00458679",2377118.01
"579","C00318196",148694.85
"580","C00270041",4197630.45
"581","C00434191",1928548.67
"582","C00336065",126062
"583","C00632851",258458.7
"584","C00548941",410359.25
"585","C00372102",99483.09
"586","C00287912",1088814.23
"587","C00410753",582863.9
"588","C00592857",683.59
"589","C00631465",4885.93
"590","C00624346",34737.55
"591","C00607846",19299.01
"592","C00258855",2026095.57
"593","C00313247",1549020
"594","C00558437",964223.06
"595","C00632034",13993.03
"596","C00573352",89110.62
"597","C00256925",630688.44
"598","C00608968",3253
"599","C00422980",474605.73
"600","C00432666",525
"601","C00379735",2583370.27
"602","C00239038",140163.62
"603","C00496513",6225.72
"604","C00548131",363088.11
"605","C00458117",6241.87
"606","C00493023",3027.15
"607","C00331496",158330.59
"608","C00229104",428473.2
"609","C00460402",131382.59
"610","C00635839",189775.73
"611","C00505065",1236.93
"612","C00155796",4137
"613","C00341529",20753
"614","C00637199",4794.05
"615","C00629956",57085.95
"616","C00365593",114920.42
"617","C00631325",99925.5
"618","C00637157",7426.41
"619","C00444224",2894435.37
"620","C00597666",21
"621","C00482307",1628008.99
"622","C00258244",106875
"623","C00590216",10439.51
"624","C00310136",51869.59
"625","C00630335",51982.37
"626","C00588970",14731.81
"627","C00257121",324133.22
"628","C00566869",867.65
"629","C00635227",53694.07
"630","C00279851",1632110.32
"631","C00557884",6575.43
"632","C00373563",1224047.65
"633","C00618983",708561.75
"634","C00514265",16240.9
"635","C00464073",270831.44
"636","C00470757",1678605.31
"637","C00330811",11568.77
"638","C00243428",9391.09
"639","C00509554",21208
"640","C00580746",7499.41
"641","C00575233",10087.5
"642","C00588715",15344.2
"643","C00589473",1972.22
"644","C00633859",9233836.77
"645","C00582858",12010
"646","C00632778",89251.71
"647","C00630954",398309.26
"648","C00614073",20627.16
"649","C00612143",17768.86
"650","C00609990",1794.49
"651","C00466516",1863554.11
"652","C00630277",22315.9
"653","C00437756",273527.3
"654","C00589440",19867.25
"655","C00549188",27464.22
"656","C00614362",13868.59
"657","C00617761",121056.21
"658","C00631929",14953.58
"659","C00578401",24231.12
"660","C00472712",40490.75
"661","C00376004",107020
"662","C00630384",555404.38
"663","C00581827",14647.41
"664","C00636092",2868284.5
"665","C00582338",7070.92
"666","C00497859",9358.8
"667","C00520064",24895.51
"668","C00598375",14000.88
"669","C00500199",1109.65
"670","C00306829",254707.83
"671","C00196915",121121.18
"672","C00507004",1425
"673","C00464149",2087755.16
"674","C00555821",2193.73
"675","C00610287",348.68
"676","C00475103",171504.06
"677","C00572560",1550636
"678","C00611525",8053.54
"679","C00632943",178216.5
"680","C00573386",41138.88
"681","C00413096",27417.01
"682","C00607291",5009.47
"683","C00460899",217903.21
"684","C00588491",10694.01
"685","C00583427",21552.11
"686","C00630772",59633.42
"687","C00611145",16545.31
"688","C00614891",14541.99
"689","C00506329",1000
"690","C00631358",3551.73
"691","C00497628",360
"692","C00588764",634936.07
"693","C00558528",310.83
"694","C00554493",750
"695","C00410118",62291.24
"696","C00609842",206.99
"697","C00013128",137241.24
"698","C00244335",489357.45
"699","C00560920",8016.44
"700","C00495507",11884.87
"701","C00541359",2192.8
"702","C00630798",39383.52
"703","C00578260",3300
"704","C00575639",4867.86
"705","C00384016",57558.47
"706","C00241349",90345.63
"707","C00284174",81908.37
"708","C00596858",9125
"709","C00634105",29870.06
"710","C00563668",81943.91
"711","C00614115",21009.8
"712","C00595116",290840
"713","C00592162",2077.9
"714","C00445163",76265.82
"715","C00597690",7604.99
"716","C00591743",51522
"717","C00603001",31367.48
"718","C00633370",35864.83
"719","C00632596",18385.64
"720","C00590810",3074.88
"721","C00605600",110419.57
"722","C00599498",86.05
"723","C00447474",42966.41
"724","C00578666",7468.99
"725","C00591776",1321
"726","C00496364",3951.65
"727","C00633867",2019331.35
"728","C00576348",2344.66
"729","C00451005",3353.49
"730","C00469882",116778.77
"731","C00379974",2523.28
"732","C00440115",6300
"733","C00462432",7816.48
"734","C00591420",1550
"735","C00581231",8280.53
"736","C00197699",9220
"737","C00475384",25673.4
"738","C00557256",500
"739","C00546549",20447.99
"740","C00610048",1162
"741","C00629808",5477.5
"742","C00555219",4945.96
"743","C00564948",4279.68
"744","C00540856",8169.86
"745","C00464495",59331.98
"746","C00613539",172010.06
"747","C00384735",59710.63
"748","C00251918",65000
"749","C00375618",8240.62
"750","C00622829",35180.88
"751","C00592006",475
"752","C00593301",4151.76
"753","C00588624",211.43
"754","C00554972",101851.48
"755","C00609156",1566.6
"756","C00635177",5250
"757","C00603506",922.3
"758","C00630749",75034.11
"759","C00585463",8376.74
"760","C00544007",1645.9
"761","C00369686",161944.15
"762","C00145862",17150
"763","C00590307",43124.52
"764","C00460055",337721.64
"765","C00608042",495.74
"766","C00620815",495.7
"767","C00634873",258829.43
"768","C00481341",163509.81
"769","C00222455",675893.81
"770","C00504332",62.8
"771","C00581926",39109.19
"772","C00610709",420.78
"773","C00548925",726188
"774","C00592113",9898.95
"775","C00609495",6402.68
"776","C00566307",8550
"777","C00607036",4549.13
"778","C00579599",74748.4
"779","C00596841",37883.53
"780","C00610204",9191.7
"781","C00633602",51280.06
"782","C00632158",6687.31
"783","C00557215",860
"784","C00443960",264
"785","C00339424",3433.68
"786","C00612374",1234.86
"787","C00514554",28822.14
"788","C00607002",31220.65
"789","C00543918",4115.89
"790","C00582320",24547.27
"791","C00588673",620.03
"792","C00612697",18468.44
"793","C00223230",26183.74
"794","C00505529",4.35
"795","C00250555",2845.63
"796","C00462309",4330.09
"797","C00558387",2000
"798","C00587782",229644.78
"799","C00572602",178017.06
"800","C00602722",1518283.68
"801","C00225045",102717.01
"802","C00631176",24794.61
"803","C00550848",5054.43
"804","C00612770",3163.67
"805","C00508242",1200
"806","C00597641",22262.8
"807","C00472779",3844.61
"808","C00569707",26951
"809","C00344390",27000
"810","C00621250",7900.47
"811","C00608430",160561.09
"812","C00574434",359.67
"813","C00587352",28
"814","C00440727",132918.62
"815","C00588558",87224.89
"816","C00561332",144.14
"817","C00422642",360
"818","C00617142",2402.74
"819","C00344721",10757.37
"820","C00464826",1000
"821","C00621326",552.02
"822","C00621979",54.45
"823","C00632968",153.53
"824","C00634923",642279.74
"825","C00622068",133.57
"826","C00492488",29153.58
"827","C00582676",7144
"828","C00575282",35254.14
"829","C00585844",1521.57
"830","C00366096",2740
"831","C00593673",36662
"832","C00553842",4175.37
"833","C00581819",94.05
"834","C00310904",72902.55
"835","C00590182",17142.45
"836","C00558171",33.95
"837","C00635888",4055070.47
"838","C00523902",10683.37
"839","C00577585",406.22
"840","C00607325",3716.18
"841","C00393041",155791.63
"842","C00610360",1148.29
"843","C00609339",2269
"844","C00404335",4069
"845","C00586651",832.8
"846","C00458893",1200
"847","C00499103",4650
"848","C00612663",750
"849","C00272153",24158.07
"850","C00635961",818.64
"851","C00554337",13133.01
"852","C00554352",10772.11
"853","C00401315",4000
"854","C00546580",1952.93
"855","C00594150",5035
"856","C00634022",25024.02
"857","C00619940",88.09
"858","C00460659",2306.08
"859","C00511923",2200
"860","C00510958",1428423.86
"861","C00610279",2991.81
"862","C00615013",751549.57
"863","C00575035",12326.43
"864","C00346296",23000
"865","C00311555",39359.53
"866","C00618553",0
"867","C00635847",2477.02
"868","C00613232",487.45
"869","C00326264",35569.94
"870","C00634071",7300
"871","C00632141",3225716.48
"872","C00463687",6955.49
"873","C00215699",120
"874","C00543926",2771643.63
"875","C00581397",18004.77
"876","C00464735",900
"877","C00631275",4980.03
"878","C00616045",171069.63
"879","C00565523",2288.87
"880","C00607572",39893.65
"881","C00510917",3505.03
"882","C00608828",5461.4
"883","C00634212",8590030.78
"884","C00634543",938072.69
"885","C00604934",1446.49
"886","C00608000",35588.24
"887","C00386748",2364588.77
"888","C00392688",2174183.64
"889","C00575860",56548.5
"890","C00621508",3500
"891","C00606004",300
"892","C00607671",329.12
"893","C00635128",12702568.5
"894","C00603514",728.27
"895","C00290825",2035780.23
"896","C00616920",33362.31
"897","C00376673",1156039.1
"898","C00466870",1694777.21
"899","C00459461",980924.04
"900","C00311639",1371835.24
"901","C00614214",1483060.91
"902","C00412890",1738342.49
"903","C00459297",2369185.38
"904","C00632471",174196.82
"905","C00609016",550.53
"906","C00630186",40559.13
"907","C00506287",43906.99
"908","C00576223",377.74
"909","C00634667",41617.54
"910","C00605196",1821.24
"911","C00605741",1065.2
"912","C00634550",3995.43
"913","C00494914",39000
"914","C00634949",66168.18
"915","C00597716",5780.2
"916","C00607424",19.35
"917","C00638650",4427136.7
"918","C00639187",1150571.33
"919","C00636670",1680600.06
"920","C00638940",81746.05
"921","C00599944",2968.43
"922","C00376665",977927.99
"923","C00310896",24955.96
"924","C00637363",5675908.97
"925","C00636399",41358.8
"926","C00573477",11533.54
"927","C00637389",762332.04
"928","C00202416",2028114.96
"929","C00636969",234151.22
"930","C00646547",93655.57
"931","C00565218",179.7
"932","C00636480",193422.43
"933","C00640755",31431.33
"934","C00640979",36459.65
"935","C00395467",833607.58
"936","C00641381",6834934.5
"937","C00200865",3279427.48
"938","C00369801",1302065.68
"939","C00460261",787928.84
"940","C00641175",171230.72
"941","C00433524",1982845.45
"942","C00640482",27687.43
"943","C00640953",189023.17
"944","C00641191",3726087.62
"945","C00286500",535894.09
"946","C00636696",298296.8
"947","C00637215",190380.38
"948","C00637868",6279210.62
"949","C00630426",32590576.04
"950","C00641365",35389.06
"951","C00395848",1153130.04
"952","C00640714",7401850.51
"953","C00634113",13882.96
"954","C00636571",7017546.36
"955","C00637090",381350.34
"956","C00462556",1246234.81
"957","C00637371",3753088.34
"958","C00397505",1079650.14
"959","C00637272",1410052.75
"960","C00410969",7428193.64
"961","C00639278",1016458.05
"962","C00634188",37850.37
"963","C00639484",1260.56
"964","C00633081",8826.39
"965","C00461822",594892.73
"966","C00637223",256289.32
"967","C00637074",4613076.63
"968","C00637728",57253.53
"969","C00637926",9354.68
"970","C00639971",94640.98
"971","C00554014",2793469.07
"972","C00288159",364796.18
"973","C00311043",7310730.76
"974","C00641415",164033.01
"975","C00636548",14853.59
"976","C00630491",15929.49
"977","C00458125",1054816.93
"978","C00638205",66036.67
"979","C00636597",51326.2
"980","C00640722",72106.24
"981","C00639641",607677.55
"982","C00637546",393771.84
"983","C00637124",14788.5
"984","C00636936",10085.85
"985","C00553990",11983.59
"986","C00444471",609014.52
"987","C00639146",8422932.09
"988","C00646448",51077.87
"989","C00639252",747211.6
"990","C00647131",2001990.19
"991","C00646752",3527403.22
"992","C00640045",6370390.21
"993","C00639526",1720829.1
"994","C00640151",103793.82
"995","C00647370",296232.89
"996","C00264101",120706.17
"997","C00638478",414829.46
"998","C00639419",1110613.81
"999","C00635417",37966.15
"1000","C00636555",74398.1
"1001","C00637918",1308074.31
"1002","C00638023",6357450.35
"1003","C00640904",3858.23
"1004","C00647081",1406788.37
"1005","C00641548",104246.9
"1006","C00634741",3863.66
"1007","C00590091",294.05
"1008","C00633057",197224.27
"1009","C00283051",82026.98
"1010","C00637827",602101.44
"1011","C00592816",17075.09
"1012","C00415331",1106735.55
"1013","C00632737",24553.92
"1014","C00646844",5221045.59
"1015","C00636357",18732.95
"1016","C00637306",120978.87
"1017","C00637678",216555.5
"1018","C00580498",6419.95
"1019","C00629915",5550.79
"1020","C00639591",2098917.89
"1021","C00612796",207372.06
"1022","C00575043",12527.66
"1023","C00636563",618172.06
"1024","C00637991",99621.14
"1025","C00635276",2432.73
"1026","C00646570",467257.72
"1027","C00639559",1034543.22
"1028","C00614503",2577.2
"1029","C00636761",377333.91
"1030","C00572339",48915.75
"1031","C00607523",53077.98
"1032","C00640920",59057.84
"1033","C00641209",47513.52
"1034","C00610527",5119.82
"1035","C00636621",434116.89
"1036","C00637777",470792.37
"1037","C00646406",768.8
"1038","C00640227",44099.12
"1039","C00640540",-63.41
"1040","C00634683",325110.49
"1041","C00639310",2548774.59
"1042","C00648055",843558.08
"1043","C00647198",41581.32
"1044","C00639799",314805.42
"1045","C00514745",2117.16
"1046","C00636175",55963.31
"1047","C00647727",1090322.64
"1048","C00638262",101508.29
"1049","C00640268",1624888.15
"1050","C00641431",445328.98
"1051","C00640474",109882.45
"1052","C00648766",252106.36
"1053","C00636688",7318.85
"1054","C00639575",78902.45
"1055","C00424713",836381.5
"1056","C00639609",3833.15
"1057","C00516922",251542.74
"1058","C00637462",108295.68
"1059","C00638221",14180.95
"1060","C00635045",52213.57
"1061","C00640102",1373.01
"1062","C00634139",41760.71
"1063","C00634329",3724.64
"1064","C00610543",1550
"1065","C00647008",454216.98
"1066","C00640912",6767.31
"1067","C00384552",534.61
"1068","C00639013",112177.95
"1069","C00586628",454.35
"1070","C00634782",4228.63
"1071","C00634287",20291.5
"1072","C00638825",91997.01
"1073","C00633636",1821.89
"1074","C00648295",895948.3
"1075","C00612242",500
"1076","C00565366",29849.06
"1077","C00556670",250
"1078","C00648170",46438.88
"1079","C00587196",16642.92
"1080","C00510768",169666.66
"1081","C00493783",150860.45
"1082","C00614057",264131.67
"1083","C00560847",704588.1
"1084","C00639005",237147.93
"1085","C00613760",10047.73
"1086","C00573063",7807.91
"1087","C00557694",2249
"1088","C00648527",76435.16
"1089","C00634014",154296.86
"1090","C00648741",260593.04
"1091","C00636514",60338.89
"1092","C00640524",30729.97
"1093","C00647164",3660267.92
"1094","C00637330",47808.22
"1095","C00647925",3030134.74
"1096","C00648253",1169190.61
"1097","C00639286",742572.77
"1098","C00638429",2257.42
"1099","C00640110",154131.9
"1100","C00646471",205944.24
"1101","C00641027",118965.29
"1102","C00636910",19899.6
"1103","C00636290",100
"1104","C00647115",1957887.59
"1105","C00638403",420215.52
"1106","C00638536",283992.96
"1107","C00639773",957380.27
"1108","C00637470",49532.24
"1109","C00647040",88135.69
"1110","C00637587",91882.98
"1111","C00646612",531899.24
"1112","C00639054",2443599.14
"1113","C00639583",44801.53
"1114","C00543553",4907.79
"1115","C00190637",0
"1116","C00640250",2160
"1117","C00609735",750
"1118","C00631762",5999.44
"1119","C00638601",110384.25
"1120","C00639427",1546903.55
"1121","C00647669",568472.63
"1122","C00648592",883.59
"1123","C00647099",282954.85
"1124","C00639096",145729.25
"1125","C00494096",4707.3
"1126","C00567677",42493.23
"1127","C00639302",39858.47
"1128","C00648725",4849468.31
"1129","C00637108",3125
"1130","C00635854",47943.23
"1131","C00640839",3119135.05
"1132","C00597682",177.84
"1133","C00648774",1890729.46
"1134","C00639690",381955.61
"1135","C00638080",154913.06
"1136","C00639872",194260.89
"1137","C00638767",96200.72
"1138","C00574640",539387.15
"1139","C00562181",126
"1140","C00649145",16685.78
"1141","C00376244",2000
"1142","C00581223",28981.35
"1143","C00632166",2952.51
"1144","C00541243",18100
"1145","C00479188",1650.45
"1146","C00639807",475205.71
"1147","C00613273",1907.65
"1148","C00607937",15199.5
"1149","C00558205",1450
"1150","C00548040",3900
"1151","C00646521",202541.93
"1152","C00635375",3283.79
"1153","C00580712",18995.23
"1154","C00648006",955991.94
"1155","C00638577",12722.32
"1156","C00615260",15762.48
"1157","C00639989",2819552.7
"1158","C00648147",6907.83
"1159","C00265850",9500
"1160","C00640672",11761.75
"1161","C00635318",4659.6
"1162","C00631416",17991.62
"1163","C00639757",3569.25
"1164","C00639153",14714.94
"1165","C00635730",2961.32
"1166","C00474916",1235.82
"1167","C00648014",381831.55
"1168","C00639658",35926.91
"1169","C00637132",2151.25
"1170","C00440909",330822.04
"1171","C00641092",1127.27
"1172","C00646398",14136.2
"1173","C00647057",313974.34
"1174","C00640870",41924.99
"1175","C00636381",35158.72
"1176","C00647875",390460.78
"1177","C00594168",28878.85
"1178","C00639898",126963.42
"1179","C00588285",30248.52
"1180","C00542480",734.68
"1181","C00584284",9400
"1182","C00647917",38594.01
"1183","C00590943",6972.61
"1184","C00615450",19444.59
"1185","C00633388",437.59
"1186","C00635995",19583.11
"1187","C00629949",1205937.13
"1188","C00476457",788.11
"1189","C00552810",205065.1
"1190","C00639914",202.8
"1191","C00647024",2709765.12
"1192","C00646901",745758.64
"1193","C00634808",286570.32
"1194","C00647859",16244.76
"1195","C00591701",5749.32
"1196","C00631564",1721704
"1197","C00638015",638.58
"1198","C00639211",810813.11
"1199","C00638510",9154086.77
"1200","C00446815",1805607.44
"1201","C00637967",2595177.1
"1202","C00636951",656520.93
"1203","C00632885",60281.53
"1204","C00615294",521288.91
"1205","C00640680",86647.01
"1206","C00344671",462550.92
"1207","C00648493",6766819.54
"1208","C00577270",1000
"1209","C00588392",121935.45
"1210","C00646802",3021.43
"1211","C00637058",60818.36
"1212","C00636613",172252.6
"1213","C00640003",8563275.17
"1214","C00610071",244839.92
"1215","C00253187",1501663.01
"1216","C00422410",4105015.99
"1217","C00386532",763793.07
"1218","C00338954",5768753.44
"1219","C00647537",8630289.5
"1220","C00370056",12172645.37
"1221","C00637876",228796.58
"1222","C00632448",304876.27
"1223","C00641498",2676188.6
"1224","C00638999",285402.51
"1225","C00609958",2685.95
"1226","C00374231",1058570.52
"1227","C00326363",2441016.15
"1228","C00649863",477734.01
"1229","C00648683",80819.07
"1230","C00640276",2338.99
"1231","C00649962",346743.74
"1232","C00653196",18824427.74
"1233","C00655720",29508.5
"1234","C00346080",866484.78
"1235","C00255562",2599440.85
"1236","C00649301",1288754.11
"1237","C00648972",314967.33
"1238","C00518365",20267.53
"1239","C00637496",538217.65
"1240","C00649848",311218.82
"1241","C00635870",92788.81
"1242","C00649012",874244.23
"1243","C00650515",629888.05
"1244","C00608901",64654.31
"1245","C00629881",110381.71
"1246","C00443689",2356116.35
"1247","C00639534",26217.51
"1248","C00609834",1116.91
"1249","C00640961",2195518.05
"1250","C00648329",16410.87
"1251","C00655787",13903.16
"1252","C00650234",670193.38
"1253","C00650036",8298710.17
"1254","C00651026",717662.51
"1255","C00654954",7287.5
"1256","C00652446",230589.7
"1257","C00639732",82932.7
"1258","C00637884",251345.42
"1259","C00654004",138571.73
"1260","C00652719",5285220.61
"1261","C00654855",463628.59
"1262","C00647974",91217.89
"1263","C00653329",8175.01
"1264","C00648907",1511994.51
"1265","C00640896",82204.94
"1266","C00650085",4111.79
"1267","C00635342",25131
"1268","C00658278",12061.54
"1269","C00628917",1724442.11
"1270","C00636720",107804.93
"1271","C00656397",16699.92
"1272","C00640763",1633947.46
"1273","C00637785",355428.68
"1274","C00637892",1065681.27
"1275","C00632125",3117.46
"1276","C00648998",435617.17
"1277","C00650150",7749297.4
"1278","C00652776",455395.14
"1279","C00649749",822541.02
"1280","C00650812",191485.58
"1281","C00287904",774169.94
"1282","C00650507",2526600.88
"1283","C00633669",151834.23
"1284","C00635722",460133.25
"1285","C00636845",1470437.52
"1286","C00640698",278534.33
"1287","C00646455",356473.07
"1288","C00608422",15814.38
"1289","C00662957",24222.08
"1290","C00650614",289129.3
"1291","C00650648",20938999.55
"1292","C00647339",1459147.65
"1293","C00659953",22439.73
"1294","C00640375",129457.05
"1295","C00595694",154100.17
"1296","C00637793",280217.44
"1297","C00634048",58788.37
"1298","C00648220",6471338.34
"1299","C00635797",187096.45
"1300","C00638254",1348154.26
"1301","C00660324",39116.58
"1302","C00637397",1221724.18
"1303","C00639450",200733.17
"1304","C00634659",65320.06
"1305","C00659797",41672.89
"1306","C00658351",921717.46
"1307","C00615542",42650.68
"1308","C00658674",122918.49
"1309","C00657841",1275534.22
"1310","C00590067",2084395.08
"1311","C00581595",1099439.47
"1312","C00641035",355157.94
"1313","C00593525",106729.38
"1314","C00638585",3405.04
"1315","C00673194",4440.34
"1316","C00617209",41809.07
"1317","C00638973",111551.26
"1318","C00608406",3121378.83
"1319","C00223297",4649.2
"1320","C00002592",2150.33
"1321","C00310318",1133182.54
"1322","C00498568",3150766.29
"1323","C00661405",383562.29
"1324","C00650093",304625.93
"1325","C00578716",450
"1326","C00653675",1409955.72
"1327","C00665125",20894.99
"1328","C00532721",486.31
"1329","C00648162",259406.14
"1330","C00649681",28403.19
"1331","C00653634",4475593.89
"1332","C00649657",66517.89
"1333","C00653162",774890.49
"1334","C00501924",72733.54
"1335","C00651273",6724.49
"1336","C00611780",21863.36
"1337","C00653824",9254.65
"1338","C00651984",92635.86
"1339","C00392266",898.75
"1340","C00658849",45135.96
"1341","C00651562",28424.51
"1342","C00649061",1504992.83
"1343","C00652362",51958.63
"1344","C00639906",23048.14
"1345","C00649632",408139.36
"1346","C00637413",22987.45
"1347","C00614784",87342.27
"1348","C00649038",326189.79
"1349","C00647677",585923.61
"1350","C00603738",24327.71
"1351","C00646489",49759.83
"1352","C00647446",52617.35
"1353","C00658146",15545.58
"1354","C00659078",113131.59
"1355","C00652750",17562.22
"1356","C00648105",14039.21
"1357","C00653626",67973.1
"1358","C00648675",48286.98
"1359","C00655035",22049.05
"1360","C00655837",55456.49
"1361","C00648816",1114479.31
"1362","C00639955",23344.12
"1363","C00661074",3447.74
"1364","C00658625",896123.83
"1365","C00636746",526.79
"1366","C00648287",191727.78
"1367","C00656959",49825.65
"1368","C00656355",4237.5
"1369","C00646828",9671.16
"1370","C00557124",103780
"1371","C00592279",136174.08
"1372","C00658609",119443.98
"1373","C00662460",24132.19
"1374","C00639542",174
"1375","C00622605",175
"1376","C00631747",14988.05
"1377","C00633172",24038.98
"1378","C00657551",107192.51
"1379","C00657015",2129046.96
"1380","C00657791",22436.76
"1381","C00650408",3705181.89
"1382","C00660183",143379.73
"1383","C00435420",949.25
"1384","C00649004",1312666.54
"1385","C00580282",2575.99
"1386","C00661694",29698.48
"1387","C00649954",188434.38
"1388","C00648923",36885.32
"1389","C00662932",350554.99
"1390","C00659748",183339
"1391","C00634824",7146.04
"1392","C00602706",66970.84
"1393","C00653253",189264.33
"1394","C00654350",90207.42
"1395","C00646810",22789.36
"1396","C00655340",87866.77
"1397","C00653691",37451.43
"1398","C00658575",18975
"1399","C00653949",30099.59
"1400","C00653360",18144.56
"1401","C00659839",140814.68
"1402","C00647743",17655.59
"1403","C00652289",27649.35
"1404","C00656363",8370.68
"1405","C00651810",7313.52
"1406","C00656488",2738
"1407","C00654624",46385.94
"1408","C00650770",23006.91
"1409","C00656256",5814.36
"1410","C00597112",62.5
"1411","C00653972",4550.74
"1412","C00651539",104014.18
"1413","C00648139",716.54
"1414","C00662494",114224.91
"1415","C00659987",5772.5
"1416","C00656173",36458.46
"1417","C00592956",185458.63
"1418","C00658260",18800
"1419","C00647495",4016.52
"1420","C00640342",11097.81
"1421","C00597005",22432.29
"1422","C00653907",3000
"1423","C00663807",18755.16
"1424","C00662536",13653.01
"1425","C00639112",61375.49
"1426","C00651620",8155.73
"1427","C00657213",647370.63
"1428","C00656231",13004.65
"1429","C00615518",30400.64
"1430","C00654632",21720.36
"1431","C00659441",999
"1432","C00652586",109423.39
"1433","C00651885",18700.12
"1434","C00652156",33898.6
"1435","C00650143",12654.58
"1436","C00647891",15815.74
"1437","C00548727",4111.12
"1438","C00663419",23572.14
"1439","C00656447",33906.6
"1440","C00651356",7181.04
"1441","C00662973",105026.91
"1442","C00658138",18210.39
"1443","C00655803",9683.48
"1444","C00583294",390.88
"1445","C00662882",5035.02
"1446","C00661058",15893.02
"1447","C00655258",230.66
"1448","C00653238",25304.93
"1449","C00649327",4167185.59
"1450","C00667998",63344.86
"1451","C00658245",132917.47
"1452","C00652073",864564.6
"1453","C00658195",164348.67
"1454","C00658419",2870815.25
"1455","C00655860",289288.22
"1456","C00651224",305356.92
"1457","C00653584",133567.07
"1458","C00655233",375897.04
"1459","C00649020",356598.76
"1460","C00655068",59067.56
"1461","C00649665",7339.09
"1462","C00654442",1237664.11
"1463","C00649483",4361816.01
"1464","C00656736",263588.17
"1465","C00661777",966395.74
"1466","C00657098",1204278
"1467","C00656769",843005.88
"1468","C00649368",90769.92
"1469","C00661173",869854.06
"1470","C00657650",1940578.42
"1471","C00660381",3379607.66
"1472","C00658492",935211.24
"1473","C00649087",2423574.49
"1474","C00656744",841930.08
"1475","C00654400",5702925.41
"1476","C00652297",6499860.08
"1477","C00657445",426660.06
"1478","C00655332",750024.27
"1479","C00650697",1915040.31
"1480","C00654434",653632.55
"1481","C00658385",2480168.75
"1482","C00650911",1708537.97
"1483","C00652065",4881890.36
"1484","C00662775",54702.22
"1485","C00650804",772740.66
"1486","C00651158",1120519.5
"1487","C00659318",1132045.95
"1488","C00662213",1482662.26
"1489","C00662130",344090.92
"1490","C00662452",12887.82
"1491","C00652388",290798.49
"1492","C00658336",1995273.84
"1493","C00652594",4606964.32
"1494","C00651851",1589780.84
"1495","C00652628",8197468.53
"1496","C00661579",51967
"1497","C00649129",364493.3
"1498","C00654509",3880566.01
"1499","C00654277",682750.66
"1500","C00650077",605229.36
"1501","C00651653",68826.05
"1502","C00650473",215083.09
"1503","C00651331",2699267.82
"1504","C00663815",11461.37
"1505","C00662817",206516.33
"1506","C00652248",4440564.66
"1507","C00659565",90514.7
"1508","C00663617",26217.06
"1509","C00651307",113546.7
"1510","C00658724",2189329.12
"1511","C00649491",808760.46
"1512","C00652404",234275.31
"1513","C00650671",258604.91
"1514","C00657411",9385278.27
"1515","C00660464",2112368.9
"1516","C00656686",6499315.56
"1517","C00411660",536384.93
"1518","C00651315",592539.65
"1519","C00650176",690426.62
"1520","C00655118",14622.65
"1521","C00655654",34337.67
"1522","C00665893",9345.64
"1523","C00651133",9665.28
"1524","C00662627",2368.79
"1525","C00654699",12956.28
"1526","C00653956",854
"1527","C00649582",50592.76
"1528","C00599514",15086.78
"1529","C00647214",34531.94
"1530","C00664656",3775
"1531","C00658344",15422.91
"1532","C00658104",17160
"1533","C00653659",136476.91
"1534","C00653832",5771.73
"1535","C00655811",55075.22
"1536","C00659854",3509.75
"1537","C00656272",472
"1538","C00659334",18296.28
"1539","C00652917",64302.45
"1540","C00678557",49816.57
"1541","C00659201",23400.47
"1542","C00654160",24085.73
"1543","C00650994",193917.28
"1544","C00649806",123967.09
"1545","C00649418",312772.61
"1546","C00657049",9367.99
"1547","C00654640",125694.86
"1548","C00655043",496092.88
"1549","C00648519",260284.65
"1550","C00661371",128810.44
"1551","C00650879",306114.12
"1552","C00658021",282979.37
"1553","C00655795",264652.6
"1554","C00650705",824013.31
"1555","C00652107",6223864.64
"1556","C00650531",322602.05
"1557","C00659326",110506.68
"1558","C00657825",626543.71
"1559","C00658070",499413.55
"1560","C00649400",572896.3
"1561","C00648956",2932086.17
"1562","C00470807",25295
"1563","C00666420",151482.37
"1564","C00659433",39395.6
"1565","C00650655",535868.64
"1566","C00657304",2467395.08
"1567","C00658393",159116.81
"1568","C00658567",3447468.48
"1569","C00656066",79902.3
"1570","C00656389",19328.19
"1571","C00660217",154116.31
"1572","C00656892",35854.54
"1573","C00660431",149531.8
"1574","C00649541",2836.32
"1575","C00647461",70037.25
"1576","C00656215",1217025.72
"1577","C00650572",70097.56
"1578","C00659573",22596.96
"1579","C00657387",504106.82
"1580","C00660837",3131884.87
"1581","C00652693",382984.54
"1582","C00649459",2121331.72
"1583","C00659714",726148.83
"1584","C00653089",54805.18
"1585","C00652784",276368.91
"1586","C00656223",51937.04
"1587","C00651794",10581.51
"1588","C00652743",5230929.77
"1589","C00657494",2904.52
"1590","C00661595",1044503.78
"1591","C00654574",909599.06
"1592","C00654723",2234544.05
"1593","C00660522",649366.93
"1594","C00654178",434244.87
"1595","C00649194",314084.54
"1596","C00663005",147479.87
"1597","C00650028",1039884.23
"1598","C00653816",6094233.14
"1599","C00650283",108108.82
"1600","C00655225",940982.2
"1601","C00650689",1635506.27
"1602","C00662544",2837729
"1603","C00659284",123017.63
"1604","C00650242",338487.44
"1605","C00646661",1489.77
"1606","C00654749",563483.82
"1607","C00663161",660890.96
"1608","C00663351",38777.92
"1609","C00658997",1167585.4
"1610","C00654830",338048.96
"1611","C00660118",1403182.71
"1612","C00662767",1768058.08
"1613","C00659920",200491.05
"1614","C00650200",43783.41
"1615","C00650440",2367941.73
"1616","C00649558",4163370.22
"1617","C00651117",180660.47
"1618","C00661223",441613.93
"1619","C00651646",375963.24
"1620","C00657528",18561.51
"1621","C00657635",6761871.49
"1622","C00650358",308374.41
"1623","C00651661",12405.32
"1624","C00639849",46184.03
"1625","C00663203",319287.7
"1626","C00657627",7593.16
"1627","C00651042",4693189.45
"1628","C00655134",379959.47
"1629","C00649160",30602.77
"1630","C00659821",20239.19
"1631","C00650390",35015.22
"1632","C00653097",2523.75
"1633","C00660852",106131.44
"1634","C00651927",9566
"1635","C00654335",9900
"1636","C00649715",37106.75
"1637","C00651497",461401.49
"1638","C00650457",5459465.54
"1639","C00652172",592060.62
"1640","C00649285",132257.47
"1641","C00656918",29743.12
"1642","C00651547",35729.6
"1643","C00655282",12549.84
"1644","C00650895",78781.64
"1645","C00660365",3616.08
"1646","C00654566",20785.48
"1647","C00653576",375749.23
"1648","C00655191",321673.2
"1649","C00658534",50227.23
"1650","C00660803",132015.52
"1651","C00653840",625687.42
"1652","C00650523",606945.23
"1653","C00656751",489368.78
"1654","C00647560",64022.33
"1655","C00602656",2219.36
"1656","C00652354",221124.63
"1657","C00657395",21525.48
"1658","C00659912",61271.59
"1659","C00655621",1881.91
"1660","C00636498",34027.42
"1661","C00653592",104890.75
"1662","C00657122",419687.95
"1663","C00635102",50666.34
"1664","C00661637",936887.06
"1665","C00651521",139147.66
"1666","C00652271",320113.63
"1667","C00655514",125417.11
"1668","C00655084",82671.92
"1669","C00654558",23452.4
"1670","C00654848",61950.75
"1671","C00653204",1699750.14
"1672","C00661009",58080.47
"1673","C00658583",970529.74
"1674","C00649947",269191.65
"1675","C00658179",15386.35
"1676","C00660720",91664.22
"1677","C00657981",519425.89
"1678","C00652800",1300668.33
"1679","C00639765",906.58
"1680","C00648915",1348648.15
"1681","C00658500",146870.01
"1682","C00657189",234473.35
"1683","C00658328",1705392.89
"1684","C00650481",335458.05
"1685","C00652214",127764.44
"1686","C00654194",88198.46
"1687","C00649988",217610.37
"1688","C00650838",20441.22
"1689","C00653410",1577028.42
"1690","C00654921",422841.6
"1691","C00657486",506247.87
"1692","C00661686",14141.74
"1693","C00657775",96638.95
"1694","C00655266",10462.12
"1695","C00655449",8312.14
"1696","C00659540",412631.88
"1697","C00650887",37525.48
"1698","C00660340",28219.09
"1699","C00655571",1340567.45
"1700","C00661868",1947508.79
"1701","C00582635",7841.97
"1702","C00640409",15348.29
"1703","C00661629",202309.24
"1704","C00661900",101660.56
"1705","C00655555",118047.94
"1706","C00662650",2559065.35
"1707","C00657833",1086396.37
"1708","C00647479",4354.86
"1709","C00578252",23086.79
"1710","C00465054",12402.47
"1711","C00611707",866.77
"1712","C00657718",71575.28
"1713","C00639567",7159.88
"1714","C00656454",1300.45
"1715","C00630590",967.99
"1716","C00662338",51820.37
"1717","C00602995",23473.94
"1718","C00649640",86325.81
"1719","C00651711",36140.41
"1720","C00659615",394890.7
"1721","C00647958",62057.58
"1722","C00650259",1308475.37
"1723","C00652958",288637.42
"1724","C00653048",130154
"1725","C00661876",12621
"1726","C00638619",1737.91
"1727","C00633131",10405.88
"1728","C00664292",77762.5
"1729","C00655381",15998.3
"1730","C00656579",180022.18
"1731","C00658435",30006.32
"1732","C00660050",1429295.31
"1733","C00662874",1607626.57
"1734","C00653915",33868.94
"1735","C00661025",40607.5
"1736","C00660555",1111163.14
"1737","C00662841",29141.13
"1738","C00661017",1502.17
"1739","C00663864",36073.07
"1740","C00661165",6272279.72
"1741","C00660274",259075.81
"1742","C00662270",28683.64
"1743","C00660993",84877.6
"1744","C00648964",31164.24
"1745","C00658922",778854.65
"1746","C00649178",139164.52
"1747","C00658641",117073.15
"1748","C00662643",134238.98
"1749","C00661736",8671.52
"1750","C00394353",23293.68
"1751","C00662551",162661.37
"1752","C00661132",45548.45
"1753","C00659623",516465.71
"1754","C00657726",12829.7
"1755","C00660688",5163.99
"1756","C00655175",196657.64
"1757","C00658286",1657939.82
"1758","C00655480",34737.22
"1759","C00650218",6384.25
"1760","C00661181",79392.42
"1761","C00663435",118611.83
"1762","C00661256",44253.53
"1763","C00599043",655
"1764","C00658062",106558.34
"1765","C00661561",999861.58
"1766","C00663302",156703.49
"1767","C00648949",960597.61
"1768","C00649228",90793.32
"1769","C00658807",355412.56
"1770","C00649509",63717.34
"1771","C00649095",63939.31
"1772","C00641340",186909.23
"1773","C00661587",19053.94
"1774","C00662171",704828.8
"1775","C00647693",69919.54
"1776","C00649186",106779.53
"1777","C00652495",1347684.76
"1778","C00662205",712751.9
"1779","C00656983",7371.43
"1780","C00659177",4132610.45
"1781","C00649236",2092146.47
"1782","C00657890",24908.76
"1783","C00655910",1096051.21
"1784","C00661033",14009.18
"1785","C00653550",39719.36
"1786","C00656108",47440
"1787","C00662577",4552110.42
"1788","C00660597",198705.6
"1789","C00651281",163436.7
"1790","C00658187",139013.77
"1791","C00662619",1467805.74
"1792","C00656785",148620.82
"1793","C00652636",233700.11
"1794","C00650499",80066.75
"1795","C00657601",156603.89
"1796","C00655902",62863.98
"1797","C00658708",2053764.52
"1798","C00662601",981605.08
"1799","C00663138",4138.71
"1800","C00646604",3948.03
"1801","C00653741",149.31
"1802","C00662940",445789.88
"1803","C00657171",247191.24
"1804","C00640995",24430.86
"1805","C00661355",55857.2
"1806","C00662296",24562.26
"1807","C00661835",157151.95
"1808","C00654970",13569.57
"1809","C00657056",534098.33
"1810","C00662379",44807.49
"1811","C00652925",9630.97
"1812","C00659342",111725.23
"1813","C00648600",19937.51
"1814","C00662866",191552.32
"1815","C00580241",3000
"1816","C00656116",20518.74
"1817","C00659276",7572
"1818","C00659367",35424.35
"1819","C00656280",431459.98
"1820","C00647321",5411.85
"1821","C00656009",6713.17
"1822","C00663179",57650.49
"1823","C00651604",18843.82
"1824","C00663104",98555.23
"1825","C00661116",141646.1
"1826","C00651216",6907.67
"1827","C00460980",490.6
"1828","C00663070",225482.16
"1829","C00661892",80092.51
"1830","C00663310",150199.8
"1831","C00664524",64544.47
"1832","C00668145",9138.31
"1833","C00657510",4421.18
"1834","C00664540",30905.32
"1835","C00656058",61378.95
"1836","C00663583",67.35
"1837","C00663773",4408.52
"1838","C00657320",213744.25
"1839","C00544635",1541.83
"1840","C00659292",110485.9
"1841","C00649533",446045.58
"1842","C00656371",4854615.28
"1843","C00653451",202464.57
"1844","C00653121",4233371.06
"1845","C00661769",632906.66
"1846","C00647313",206575.28
"1847","C00659755",63205.74
"1848","C00652149",946616.92
"1849","C00656165",114135.77
"1850","C00665620",211
"1851","C00657437",602567.49
"1852","C00586065",290585.43
"1853","C00649756",756919.37
"1854","C00657106",221813.14
"1855","C00657676",851066.92
"1856","C00654780",708146.04
"1857","C00659235",154607.88
"1858","C00649350",5345826.69
"1859","C00640938",194657.63
"1860","C00668061",51027
"1861","C00648618",130861.35
"1862","C00652651",1598340.72
"1863","C00658013",20358.25
"1864","C00663427",290185.76
"1865","C00649731",340329.71
"1866","C00649673",110262.45
"1867","C00658740",96610.9
"1868","C00646695",8291.39
"1869","C00651752",533976.37
"1870","C00652396",788427.08
"1871","C00651471",2192183.44
"1872","C00667436",584573.95
"1873","C00652263",10710.81
"1874","C00657239",162611.5
"1875","C00651588",16032.14
"1876","C00660761",67416.83
"1877","C00661652",13991.29
"1878","C00606848",0
"1879","C00668459",6540.99
"1880","C00653220",1921429.15
"1881","C00661348",19780.16
"1882","C00565663",500
"1883","C00670380",15776.98
"1884","C00650929",551464.83
"1885","C00663468",10677.25
"1886","C00654863",14788.23
"1887","C00654111",288045.46
"1888","C00649939",961.46
"1889","C00654145",14818.21
"1890","C00655647",2675916.83
"1891","C00652735",346507.72
"1892","C00660977",125826.66
"1893","C00649376",3164529.71
"1894","C00672352",19882.15
"1895","C00649210",80541.85
"1896","C00659763",75729.3
"1897","C00653428",12423.17
"1898","C00664755",126664.33
"1899","C00651372",299841.99
"1900","C00656678",9981.98
"1901","C00671990",2127.14
"1902","C00657007",5041.67
"1903","C00652255",5954.45
"1904","C00649707",189866.05
"1905","C00663542",122781.78
"1906","C00656975",92380.55
"1907","C00658591",33246.58
"1908","C00676494",2071.48
"1909","C00666743",682539.05
"1910","C00659110",158768.53
"1911","C00646976",116.43
"1912","C00165241",722.47
"1913","C00637819",99000
"1914","C00649269",24426.07
"1915","C00606764",3433.83
"1916","C00649897",4563573.79
"1917","C00653923",1440849.59
"1918","C00550178",750
"1919","C00652370",1250
"1920","C00589713",850
"1921","C00497511",17500
"1922","C00651802",98.03
"1923","C00649814",40000
"1924","C00654079",1885679.97
"1925","C00648758",494.02
"1926","C00675728",42901.3
"1927","C00650010",37616.78
"1928","C00658005",419669.29
"1929","C00648394",87412.9
"1930","C00647172",14119.97
"1931","C00611608",219.45
"1932","C00653733",265997.07
"1933","C00316307",251
"1934","C00611111",312.14
"1935","C00647032",1390.49
"1936","C00582684",0
"1937","C00649608",460401.66
"1938","C00607820",492.5
"1939","C00655274",133539.42
"1940","C00648931",193339.33
"1941","C00638593",586.87
"1942","C00578633",372.48
"1943","C00648436",7500
"1944","C00636431",7297.52
"1945","C00650382",37842.94
"1946","C00649871",5643
"1947","C00636878",4020.12
"1948","C00653766",27.66
"1949","C00565507",0
"1950","C00655100",3220
"1951","C00499194",625
"1952","C00651919",1532
"1953","C00666651",360
"1954","C00476978",22509.34
"1955","C00668608",1602430.94
"1956","C00638411",480586.64
"1957","C00620039",58976.75
"1958","C00658658",259372.32
"1959","C00651992",55146.61
"1960","C00652891",76039.61
"1961","C00654095",2485723.9
"1962","C00655613",5167984.02
"1963","C00655548",659423.49
"1964","C00655183",2741662.89
"1965","C00657619",1049797.11
"1966","C00657361",60764.49
"1967","C00660126",378787.32
"1968","C00660795",1854212.22
"1969","C00660472",3997822.38
"1970","C00662684",88449.04
"1971","C00670984",13129.92
"1972","C00672170",60876.49
"1973","C00652792",628474.18
"1974","C00649079",639736.54
"1975","C00658633",3302716.61
"1976","C00653964",2770
"1977","C00648634",5607.18
"1978","C00662528",1878698.14
"1979","C00661751",350730.78
"1980","C00661678",65245.37
"1981","C00663450",97343.45
"1982","C00653493",6626.27
"1983","C00657882",69093.02
"1984","C00652198",14242.64
"1985","C00620757",15.45
"1986","C00648097",10140.27
"1987","C00667576",411484.86
"1988","C00663880",54207.49
"1989","C00660530",1116605.85
"1990","C00657874",72052.28
"1991","C00664490",27850.99
"1992","C00660134",406486.95
"1993","C00656603",138824.2
"1994","C00658401",2613294.26
"1995","C00673343",1120512.55
"1996","C00659151",92770.9
"1997","C00663054",1472575.33
"1998","C00659813",21321.42
"1999","C00664516",71723.63
"2000","C00666057",3997.8
"2001","C00650226",1030428.2
"2002","C00656090",822004.44
"2003","C00650366",4132478.3
"2004","C00654525",2251264.62
"2005","C00663914",2211878.86
"2006","C00662809",322710.04
"2007","C00664680",49811.99
"2008","C00659581",47736.89
"2009","C00376855",2583.43
"2010","C00658450",60312.34
"2011","C00650622",3495417.44
"2012","C00657692",26412.47
"2013","C00654988",347366.36
"2014","C00647610",890251.05
"2015","C00664110",13716.6
"2016","C00664151",768768.74
"2017","C00673848",73621.12
"2018","C00669689",50085
"2019","C00670018",11855.88
"2020","C00669390",2685.68
"2021","C00671495",246
"2022","C00662635",3376.82
"2023","C00665810",2482.32
"2024","C00667808",35171.27
"2025","C00664730",8648.26
"2026","C00670224",7808.87
"2027","C00519645",23309.09
"2028","C00672642",11033.68
"2029","C00683938",13052.72
"2030","C00665331",515417.73
"2031","C00665984",4798.26
"2032","C00664060",372009.63
"2033","C00670547",1654844.22
"2034","C00674887",30484.43
"2035","C00668285",39642.77
"2036","C00666768",43151.69
"2037","C00665638",3109207.31
"2038","C00665802",779624.81
"2039","C00665836",702585.23
"2040","C00665513",1937389.53
"2041","C00672436",31065.38
"2042","C00665695",324440.65
"2043","C00669630",33073.39
"2044","C00004275",500
"2045","C00671370",76663.26
"2046","C00670463",72405.58
"2047","C00671347",47242.15
"2048","C00671842",60531.07
"2049","C00668228",2248693.96
"2050","C00672360",71397.63
"2051","C00658054",182.59
"2052","C00673988",7572.42
"2053","C00671784",55976.88
"2054","C00672279",1375.72
"2055","C00673699",710.75
"2056","C00660753",263233.63
"2057","C00669358",1813991.7
"2058","C00665828",132682.48
"2059","C00673350",1867809.71
"2060","C00668756",81673.03
"2061","C00668194",163977.38
"2062","C00673780",21684.98
"2063","C00667444",2340.3
"2064","C00668590",4276.48
"2065","C00668913",13772.2
"2066","C00670588",15106.4
"2067","C00667733",4016.68
"2068","C00667949",159098.49
"2069","C00667295",108873
"2070","C00665604",10955.21
"2071","C00566000",34571.15
"2072","C00664953",72369.3
"2073","C00664813",355940.68
"2074","C00664482",70182.5
"2075","C00665711",1944869.1
"2076","C00663245",39752.96
"2077","C00666834",18388.39
"2078","C00664581",23452.42
"2079","C00660878",828.72
"2080","C00663443",14062.1
"2081","C00667097",14157483.75
"2082","C00673681",519133.71
"2083","C00670570",150260.34
"2084","C00671867",64606
"2085","C00671511",61968.3
"2086","C00670844",1286377.38
"2087","C00664821",368082.3
"2088","C00666867",280.4
"2089","C00672634",1057258.42
"2090","C00672824",110874.86
"2091","C00674838",39624.23
"2092","C00662080",30395.97
"2093","C00674788",74113.27
"2094","C00669010",6897.81
"2095","C00662825",238026.51
"2096","C00670232",29869.62
"2097","C00654376",8802.31
"2098","C00668798",277586.14
"2099","C00674978",248707.78
"2100","C00665356",7792.07
"2101","C00669432",68646.87
"2102","C00665349",3335.33
"2103","C00675157",401927.93
"2104","C00660316",10336.54
"2105","C00576926",275147.72
"2106","C00667840",299508.18
"2107","C00675041",680985.59
"2108","C00666438",33379.11
"2109","C00666529",198027.02
"2110","C00675959",43634.3
"2111","C00674143",17601.79
"2112","C00665034",395049.13
"2113","C00662395",792498.89
"2114","C00667931",61535
"2115","C00673558",250433.64
"2116","C00667287",14452.38
"2117","C00672212",65560.19
"2118","C00545681",118547.78
"2119","C00670646",19492.04
"2120","C00680918",481140.63
"2121","C00664466",225588.23
"2122","C00665042",262037.37
"2123","C00676163",16701.75
"2124","C00677617",41060.9
"2125","C00675488",14184143.81
"2126","C00680439",161726.18
"2127","C00675876",159311.01
"2128","C00676841",76650
"2129","C00672949",212641.17
"2130","C00666677",140828.89
"2131","C00666735",1409005.3
"2132","C00671446",108785.8
"2133","C00664417",864769.34
"2134","C00676502",219376.26
"2135","C00677492",38924.36
"2136","C00667519",4220971.34
"2137","C00675611",9894.33
"2138","C00673467",80363.2
"2139","C00675678",556302.25
"2140","C00669945",17592.78
"2141","C00671123",10778.46
"2142","C00676668",939944.15
"2143","C00667832",48181.15
"2144","C00665653",41399.69
"2145","C00675777",79051.16
"2146","C00675306",34857.63
"2147","C00667584",43564.28
"2148","C00678466",42574.01
"2149","C00663013",20249.78
"2150","C00506162",4529.7
"2151","C00670034",4859584.91
"2152","C00667709",3918.4
"2153","C00678425",24752.58
"2154","C00678904",154049.95
"2155","C00664508",39272.59
"2156","C00670935",575658.46
"2157","C00672956",267231.79
"2158","C00673384",252446.06
"2159","C00669614",34933.87
"2160","C00666842",383597.82
"2161","C00667063",37315.73
"2162","C00670489",52656.35
"2163","C00666644",15671.67
"2164","C00667378",53508.07
"2165","C00676650",26629.49
"2166","C00666156",7327.96
"2167","C00671362",14759.69
"2168","C00661413",71341.54
"2169","C00678326",264344.35
"2170","C00666131",34909.34
"2171","C00678631",12894.36
"2172","C00665182",74382.58
"2173","C00664185",15938.66
"2174","C00676015",2664.34
"2175","C00681932",10440
"2176","C00583781",29697.19
"2177","C00560169",17643.68
"2178","C00678342",20892.47
"2179","C00680793",300
"2180","C00676528",361953.55
"2181","C00671149",16514.14
"2182","C00674325",225127.3
"2183","C00672162",69059.99
"2184","C00671263",41836.64
"2185","C00675330",42948.61
"2186","C00666966",1519722.75
"2187","C00678045",43121.99
"2188","C00674671",25401.95
"2189","C00668269",256501.43
"2190","C00673632",45161.02
"2191","C00674457",26363.7
"2192","C00674507",68921.94
"2193","C00671206",248070.56
"2194","C00652321",164488.56
"2195","C00666230",31426.06
"2196","C00666685",69099.64
"2197","C00673897",1335.39
"2198","C00681098",28340.31
"2199","C00669671",220827.93
"2200","C00667386",41972.96
"2201","C00667253",557555.24
"2202","C00671644",1969.68
"2203","C00669838",21344.32
"2204","C00668558",14316.02
"2205","C00672345",423834.08
"2206","C00678656",46401.62
"2207","C00664375",4270496.9
"2208","C00669879",295313.86
"2209","C00673327",32639.7
"2210","C00673871",54880.61
"2211","C00666354",106415.89
"2212","C00673319",120050
"2213","C00673228",10146.2
"2214","C00673012",3060.13
"2215","C00665216",34320.93
"2216","C00682690",13059.68
"2217","C00680264",16488.52
"2218","C00667600",18000.44
"2219","C00673749",28956.74
"2220","C00667329",433314.39
"2221","C00668129",122988.84
"2222","C00566232",3790
"2223","C00673905",104400
"2224","C00680389",53.41
"2225","C00673038",6054.73
"2226","C00679571",40400.78
"2227","C00678391",23628.7
"2228","C00672071",3091.2
"2229","C00636589",30847.66
"2230","C00671131",9632.28
"2231","C00663971",5924.61
"2232","C00670927",28964.57
"2233","C00666164",988317.16
"2234","C00667303",18840.57
"2235","C00675900",16713.32
"2236","C00665463",10965.28
"2237","C00664979",194930.54
"2238","C00663997",14538.95
"2239","C00670737",166226.4
"2240","C00670703",104398.09
"2241","C00674853",33377.79
"2242","C00673426",5088.11
"2243","C00667279",42407.05
"2244","C00665729",15799.21
"2245","C00666594",49183.28
"2246","C00676627",226544.31
"2247","C00669978",29087.08
"2248","C00665497",78403.21
"2249","C00666453",1251950.06
"2250","C00671255",6752.92
"2251","C00559492",112973.24
"2252","C00681122",2489.87
"2253","C00672972",15790.12
"2254","C00675017",13574.83
"2255","C00677435",24.11
"2256","C00669762",8534.34
"2257","C00672444",171.79
"2258","C00664862",7932.61
"2259","C00654889",16651.98
"2260","C00681296",96447.93
"2261","C00469445",1884.24
"2262","C00673723",17603.54
"2263","C00669952",16362.51
"2264","C00371260",6000
"2265","C00664615",116008.09
"2266","C00681361",530.53
"2267","C00680256",8770.22
"2268","C00680876",151389.41
"2269","C00677096",2133044.92
"2270","C00667758",445335.36
"2271","C00678532",93761.22
"2272","C00671982",21699.61
"2273","C00671339",12391.88
"2274","C00668939",29056.67
"2275","C00668137",266326.58
"2276","C00632984",18899.09
"2277","C00676742",26452.47
"2278","C00665869",35741.58
"2279","C00664565",216290.67
"2280","C00671412",239117.53
"2281","C00660449",212590.49
"2282","C00678615",40878.47
"2283","C00665364",260982.06
"2284","C00677666",348211.9
"2285","C00677898",1306150.82
"2286","C00666404",331798.9
"2287","C00664763",50544.4
"2288","C00675538",214279.63
"2289","C00672113",25618.9
"2290","C00669069",1644074.1
"2291","C00666461",911497.89
"2292","C00674663",12785.87
"2293","C00675108",1831483.59
"2294","C00673996",5580.57
"2295","C00675215",1297102.99
"2296","C00665109",147609.59
"2297","C00676312",31577.32
"2298","C00671081",64841.26
"2299","C00671875",43704.96
"2300","C00673236",40838.76
"2301","C00662981",205475
"2302","C00668475",391366.49
"2303","C00680553",565529.74
"2304","C00665315",46407.12
"2305","C00663591",599420.58
"2306","C00670786",136329.05
"2307","C00664599",2036225.79
"2308","C00662692",4250
"2309","C00667626",1677.53
"2310","C00667451",16519.48
"2311","C00615823",8340.06
"2312","C00663757",32823.88
"2313","C00667121",4685.23
"2314","C00634311",2800
"2315","C00667741",1646499.2
"2316","C00663856",11522.54
"2317","C00664771",52593.65
"2318","C00671586",200
"2319","C00638569",226.2
"2320","C00671107",305200.45
"2321","C00660548",31584.54
"2322","C00663229",4566
"2323","C00669481",956042.7
"2324","C00655704",161179.17
"2325","C00572149",6263.71
"2326","C00649905",9346.41
"2327","C00663823",51837.65
"2328","C00658955",32292.26
"2329","C00678037",7683
"2330","C00657353",6592.58
"2331","C00665471",1321633.9
"2332","C00581702",280.82
"2333","C00680942",151766.19
"2334","C00660563",3390.94
"2335","C00664912",15008.7
"2336","C00670307",6555.6
"2337","C00678086",116664.37
"2338","C00677849",169040
"2339","C00678516",152490.48
"2340","C00667964",8558236.92
"2341","C00679936",16827.71
"2342","C00663252",19247.81
"2343","C00665588",28816.74
"2344","C00582015",69987.71
"2345","C00666081",10484.19
"2346","C00669580",431100.47
"2347","C00675405",46291.95
"2348","C00673020",88230.37
"2349","C00664011",33513.99
"2350","C00677112",19908.9
"2351","C00669176",85613.72
"2352","C00652222",8438.08
"2353","C00649442",2221.97
"2354","C00668020",1438.61
"2355","C00677609",10491.51
"2356","C00666347",15921.82
"2357","C00671537",604875
"2358","C00664557",12152.54
"2359","C00671420",3978.62
"2360","C00671016",18581.54
"2361","C00606970",29916.15
"2362","C00672980",26066.23
"2363","C00651760",4116.43
"2364","C00670604",240900.68
"2365","C00673129",27019.88
"2366","C00675603",87240.56
"2367","C00679241",24280.44
"2368","C00668483",49682.97
"2369","C00676734",19426.37
"2370","C00672931",433985.14
"2371","C00666339",33269.13
"2372","C00673533",869805.07
"2373","C00667006",577326.49
"2374","C00674911",13787.5
"2375","C00675637",284917.35
"2376","C00666313",32677.69
"2377","C00670828",41902.86
"2378","C00670976",179701.01
"2379","C00668491",1818777.75
"2380","C00664797",167016.51
"2381","C00668806",247878.68
"2382","C00683144",7860.29
"2383","C00665372",103978.74
"2384","C00670059",248561.2
"2385","C00677583",108530.11
"2386","C00678524",9064.04
"2387","C00666859",754017.33
"2388","C00666362",22019.59
"2389","C00660282",15880.79
"2390","C00670760",23379.98
"2391","C00611376",44668.95
"2392","C00675025",84608.95
"2393","C00666891",2242.2
"2394","C00657700",2000
"2395","C00664607",35873.28
"2396","C00593111",4414.56
"2397","C00671404",306664.87
"2398","C00668525",3694.34
"2399","C00665224",2894.53
"2400","C00372722",116.55
"2401","C00670943",2310.45
"2402","C00667170",5888.1
"2403","C00672055",11053.17
"2404","C00668954",121920
"2405","C00665646",115395
"2406","C00668699",719154.75
"2407","C00641563",91097.12
"2408","C00667634",197174.74
"2409","C00670505",52108.49
"2410","C00670992",105733.22
"2411","C00674879",203938.06
"2412","C00545384",14169.12
"2413","C00646372",75151.2
"2414","C00671891",693511.76
"2415","C00657114",10993.59
"2416","C00671859",2097963.47
"2417","C00668467",8072.43
"2418","C00611194",20276
"2419","C00672154",20005.69
"2420","C00674317",14571.52
"2421","C00666479",240916.32
"2422","C00657429",300
"2423","C00664177",0
"2424","C00667527",56987.8
"2425","C00672295",2633448.81
"2426","C00668335",88280.2
"2427","C00671545",10241.99
"2428","C00411306",16500
"2429","C00516443",109030.83
"2430","C00665679",47548.47
"2431","C00664458",265541.44
"2432","C00374751",25
"2433","C00612036",1140
"2434","C00664896",20803.22
"2435","C00519900",34882.54
"2436","C00670893",12614.16
"2437","C00607531",273484.72
"2438","C00620211",11575
"2439","C00670968",11344.77
"2440","C00670455",810.03
"2441","C00669267",5123.76
"2442","C00665885",301166.57
"2443","C00671701",27346.63
"2444","C00668715",52923.27
"2445","C00639781",484.29
"2446","C00657064",176.36
"2447","C00663187",6977.83
"2448","C00670851",3503.19
"2449","C00672873",194161.9
"2450","C00612408",448945
"2451","C00668830",31835.92
"2452","C00668574",540627.48
"2453","C00657403",7663.46
"2454","C00664847",49150
"2455","C00667675",298586.62
"2456","C00668160",180158.81
"2457","C00657163",12342.37
"2458","C00665141",61764.7
"2459","C00665968",22302.55
"2460","C00670885",128003.29
"2461","C00658898",265.68
"2462","C00662437",20092.24
"2463","C00672030",3480
"2464","C00666693",9951.22
"2465","C00669200",1789.45
"2466","C00671172",1521.93
"2467","C00665760",2716.66
"2468","C00670471",6458.75
"2469","C00664649",59269.66
"2470","C00504175",500
"2471","C00668400",275242.12
"2472","C00670836",26345.09
"2473","C00650465",515.1
"2474","C00673764",2000
"2475","C00670257",1171341.45
"2476","C00673830",28915.71
"2477","C00664391",10742.64
"2478","C00665851",9841.63
"2479","C00670364",141781.38
"2480","C00672766",9582.72
"2481","C00658716",9454.29
"2482","C00672048",29602.21
"2483","C00666941",260760.21
"2484","C00673939",6653.6
"2485","C00669531",416148.2
"2486","C00670414",140929.54
"2487","C00665919",5735.28
"2488","C00665026",5664.32
"2489","C00659227",27071.54
"2490","C00680462",138378.66
"2491","C00674481",5720
"2492","C00577122",185.13
"2493","C00652909",1932.64
"2494","C00553917",13300
"2495","C00673756",43135.16
"2496","C00666883",129499.94
"2497","C00669341",13630.75
"2498","C00663906",3578.4
"2499","C00249532",19500
"2500","C00567388",16000
"2501","C00028860",177140
"2502","C00666586",516736.2
"2503","C00670950",65110.2
"2504","C00678292",21505.77
"2505","C00589267",400
"2506","C00677062",25384.87
"2507","C00664268",56713.23
"2508","C00661363",10553.38
"2509","C00678961",4408.11
"2510","C00678250",1916.85
"2511","C00680249",48695.91
"2512","C00679720",4863.69
"2513","C00682286",6267.89
"2514","C00673202",24720.69
"2515","C00665935",50167.89
"2516","C00671057",194812.57
"2517","C00672246",109913.89
"2518","C00673111",67329.29
"2519","C00669234",12330.57
"2520","C00674630",1275
"2521","C00674259",1460587.73
"2522","C00676569",15458.76
"2523","C00680785",140968.45
"2524","C00675561",96163.3
"2525","C00673145",76591.69
"2526","C00664904",75791.45
"2527","C00674606",147534.26
"2528","C00677104",126798
"2529","C00672899",398944.53
"2530","C00665448",565885.63
"2531","C00678607",361100.14
"2532","C00666396",2165365.51
"2533","C00676189",20090.96
"2534","C00670810",9260.52
"2535","C00656033",32020.79
"2536","C00677880",126764
"2537","C00679100",9882.68
"2538","C00679357",235712.83
"2539","C00676619",52344.63
"2540","C00679647",18233.82
"2541","C00669796",2000
"2542","C00673079",3847.58
"2543","C00671198",27794.92
"2544","C00671156",2367158.33
"2545","C00664045",36099.33
"2546","C00666149",4666804.53
"2547","C00669143",129612.26
"2548","C00670679",646056.97
"2549","C00680934",1027570.48
"2550","C00671032",2382629.47
"2551","C00654103",4637.57
"2552","C00681346",48113.47
"2553","C00675975",20627.12
"2554","C00668152",10189.5
"2555","C00681072",248.43
"2556","C00675710",47889.59
"2557","C00679761",18046.02
"2558","C00681957",15864.36
"2559","C00679852",41574.34
"2560","C00679233",10703.35
"2561","C00680033",4314.9
"2562","C00669713",54283.73
"2563","C00680827",5113.8
"2564","C00616888",450
"2565","C00677286",2319410.24
"2566","C00651950",3085.92
"2567","C00649137",4992
"2568","C00661389",43441.62
"2569","C00663849",710100.53
"2570","C00665752",943565.49
"2571","C00666255",186444.45
"2572","C00666073",588222.91
"2573","C00666107",78624.69
"2574","C00665059",81921.98
"2575","C00667923",755.05
"2576","C00672774",17332.6
"2577","C00673004",15669.22
"2578","C00667915",485268.05
"2579","C00681767",40157.99
"2580","C00665612",143932.37
"2581","C00669309",5470.95
"2582","C00482984",22042.68
"2583","C00681569",2294.99
"2584","C00674705",8731.54
"2585","C00672311",4679739.96
"2586","C00659243",7376.71
"2587","C00675363",30952.56
"2588","C00665927",75631.32
"2589","C00664367",139417.92
"2590","C00667352",5097.63
"2591","C00665539",35797.6
"2592","C00676551",6506.91
"2593","C00675686",6964.83
"2594","C00672907",72875.17
"2595","C00674796",499
"2596","C00680348",3725.08
"2597","C00677377",82956.26
"2598","C00670182",8158.09
"2599","C00673244",3500
"2600","C00640607",7208.91
"2601","C00679779",12860.1
"2602","C00661785",790.76
"2603","C00664243",14677
"2604","C00667105",2599.61
"2605","C00611905",3404.28
"2606","C00667469",134987.15
"2607","C00676726",313728.01
"2608","C00665547",5403.68
"2609","C00672808",15202.55
"2610","C00662403",167045.83
"2611","C00653667",6800
"2612","C00688671",5136.03
"2613","C00673525",339957.07
"2614","C00672493",1533.05
"2615","C00680900",33121.84
"2616","C00673772",3456.79
"2617","C00672568",55475.53
"2618","C00669465",5060
"2619","C00686212",5855.5
"2620","C00671636",1887.25
"2621","C00670877",19799.65
"2622","C00669507",68123.96
"2623","C00670562",47192.47
"2624","C00664342",583261.61
"2625","C00672923",11846.84
"2626","C00664409",1133411.5
"2627","C00680306",32641.24
"2628","C00669572",2062.68
"2629","C00680181",20553.59
"2630","C00549352",60
"2631","C00678797",17605.74
"2632","C00676858",12598.9
"2633","C00463877",8018.5
"2634","C00675835",11772.95
"2635","C00679258",10183.97
"2636","C00677674",7000
"2637","C00640011",2373.41
"2638","C00681155",7689.04
"2639","C00639856",4082.8
"2640","C00677997",74276.64
"2641","C00675801",7351.38
"2642","C00581033",431177.64
"2643","C00666289",3321.85
"2644","C00677401",36074.22
"2645","C00687822",1740
"2646","C00686089",1227.39
"2647","C00682351",81020.48
"2648","C00444638",190
"2649","C00663930",55596.34
"2650","C00679837",147748.8
"2651","C00678060",8660.44
"2652","C00691733",5235.31
"2653","C00683540",760
"2654","C00682948",34753.49
"2655","C00672451",59874.84
"2656","C00667543",5326.84
"2657","C00680488",1929826.99
"2658","C00675587",72158
"2659","C00668087",219810.23
"2660","C00007880",0
"2661","C00684324",22812.33
"2662","C00686261",11311.18
"2663","C00686774",18793.8
"2664","C00688424",102054.98
"2665","C00689299",76388.5
"2666","C00686196",50176
"2667","C00684514",288239.63
"2668","C00683466",30015.75
"2669","C00685479",59472.31
"2670","C00685222",51050
"2671","C00688853",2591.73
"2672","C00683375",32951.23
"2673","C00687988",9882.39
"2674","C00685990",7500
"2675","C00677179",20346.75
"2676","C00683888",23763.23
"2677","C00680678",16483.36
"2678","C00048371",183930.83
"2679","C00687749",268881
"2680","C00687160",89568.75
"2681","C00684225",544994.82
"2682","C00381954",8500
"2683","C00401224",30088.79
"2684","C00635615",1000
"2685","C00095109",2000
"2686","C00686717",76716.89
"2687","C00685735",31323.5
"2688","C00680611",5494.99
"2689","C00679696",24195.13
"2690","C00684167",26019.4
"2691","C00688515",3978.5
"2692","C00681791",19179.19
"2693","C00680074",13576.25
"2694","C00681544",1235
"2695","C00683045",45123.82
"2696","C00682310",31598.97
"2697","C00684050",226304.35
"2698","C00684894",4229.26
"2699","C00686634",18000
"2700","C00685263",17361.75
"2701","C00685438",537511.4
"2702","C00682294",25020.43
"2703","C00684613",7256
"2704","C00686857",40700
"2705","C00683516",150295.8
"2706","C00683920",50400
"2707","C00685842",136983.53
"2708","C00683532",28317.67
"2709","C00682179",4930.92
"2710","C00683706",77720
"2711","C00684456",24810
"2712","C00685412",13206.39
"2713","C00680868",4639.22
"2714","C00681510",350
"2715","C00677625",7754.72
"2716","C00609180",4060
"2717","C00675421",1825.95
"2718","C00686550",38065
"2719","C00683268",631713.06
"2720","C00683367",59538.5
"2721","C00688002",259684.27
"2722","C00687913",36921
"2723","C00682849",30820
"2724","C00630012",220.89
"2725","C00027359",7000
"2726","C00336768",7500
"2727","C00570945",5000
"2728","C00330696",2500
"2729","C00686394",5250
"2730","C00672675",445619
"2731","C00639948",1008.63
"2732","C00672139",237.84
"2733","C00569152",6600
"2734","C00002238",3037.45
"2735","C00155952",2824.47
"2736","C00236489",33511.5
"2737","C00034132",40000
"2738","C00101105",17000
"2739","C00239947",2500
"2740","C00068353",8955.83
"2741","C00624817",1e+05
"2742","C00627158",1433.91
"2743","C00064774",5450
"2744","C00283135",5000
"2745","C00493700",5000
"2746","C00585893",5000
"2747","C00395947",1000
"2748","C00039552",9000
"2749","C00100107",2500
"2750","C00096156",64000
"2751","C00657262",3000
"2752","C00521021",1000
"2753","C00292094",3500
"2754","C00589507",8760
"2755","C00196725",13000
"2756","C00662718",2000
"2757","C00289058",7970
"2758","C00003418",1468.77
"2759","C00393298",3000
"2760","C00638502",45500
"2761","C00676064",3400
"2762","C00581868",1500
"2763","C00569343",50295
"2764","C00325332",5000
"2765","C00343459",4000
"2766","C00104752",4225
"2767","C00583336",1000
"2768","C00034785",32.61
"2769","C00683086",16043.9
"2770","C00663724",6614.85
"2771","C00450353",264
"2772","C00680272",1357.51
"2773","C00685545",60446.12
"2774","C00688861",46885.9
"2775","C00686576",120685.4
"2776","C00688119",32451.94
"2777","C00668319",4879.3
"2778","C00684977",7070.13
"2779","C00682047",65137.88
"2780","C00193342",12697.26
"2781","C00687962",246769.71
"2782","C00458828",1669.68
"2783","C00686170",5099.4
"2784","C00438515",710
"2785","C00684696",8630.8
"2786","C00679993",15668.58
"2787","C00605584",1479
"2788","C00686873",7545.92
"2789","C00684720",7593.55
"2790","C00582585",305.43
"2791","C00466805",1241.94
"2792","C00686808",32192.32
"2793","C00689802",7920
"2794","C00684076",8450
"2795","C00685487",51826.91
"2796","C00686675",4220.19
"2797","C00688309",6559.7
"2798","C00690495",8073
"2799","C00688051",10500
"2800","C00543371",2000
"2801","C00571554",1500
"2802","C00571943",20.36
"2803","C00541680",640.49
"2804","C00689620",359.39
"2805","C00683623",49533.24
"2806","C00572099",4430.7
"2807","C00330886",587.4
"2808","C00143230",520.52
"2809","C00405340",72.9
"2810","C00666792",8281.66
"2811","C00683391",4178.49
"2812","C00587774",5
"2813","C00684274",15715.38
"2814","C00682906",466.07
"2815","C00692517",750
"2816","C00691790",5400
"2817","C00589739",5240.58
"2818","C00574236",2500
"2819","C00691931",3018.77
"2820","C00680967",2700
"2821","C00689687",2707.88
"2822","C00574079",16565.38
"2823","C00683169",7412
"2824","C00076182",5000
"2825","C00024752",2500
